"periode_update";"kabupaten_kota";"wilayah_sungai";"bulan";"jumlah_curah_hujan_rerata"
"Desember 2020";"Pacitan";"WS. Bengawan Solo";"";"2704.33"
"Desember 2020";"Ponorogo";"WS. Bengawan Solo";"";"2172.11"
"Desember 2020";"Trenggalek";"WS. Brantas";"";"2436.79"
"Desember 2020";"Tulungagung";"WS. Brantas";"";"2317"
"Desember 2020";"Blitar";"WS. Brantas";"";"3089.75"
"Desember 2020";"Kediri";"WS. Brantas";"";"2143.13"
"Desember 2020";"Malang";"WS. Brantas";"";"2584.25"
"Desember 2020";"Lumajang";"WS. Bondoyudo Bedadung";"";"2651.32"
"Desember 2020";"Jember";"WS. Bondoyudo Bedadung";"";"2214.04"
"Desember 2020";"Banyuwangi";"WS. Baru Bajulmati";"";"2278.43"
"Desember 2020";"Bondowoso";"WS. Pekalen Sampean";"";"1636.26"
"Desember 2020";"Situbondo";"WS. Pekalen Sampean";"";"1202.22"
"Desember 2020";"Probolinggo";"WS. Welang Rejoso";"";"2378.42"
"Desember 2020";"Pasuruan";"WS. Welang Rejoso";"";"1997.47"
"Desember 2020";"Sidoarjo";"WS. Brantas";"";"2050.95"
"Desember 2020";"Mojokerto";"WS. Brantas";"";"2471.85"
"Desember 2020";"Jombang";"WS. Brantas";"";"2107.41"
"Desember 2020";"Nganjuk";"WS. Brantas";"";"2198.57"
"Desember 2020";"Madiun";"WS. Bengawan Solo";"";"2297.07"
"Desember 2020";"Magetan";"WS. Bengawan Solo";"";"2308.6"
"Desember 2020";"Ngawi";"WS. Bengawan Solo";"";"2286.39"
"Desember 2020";"Bojonegoro";"WS. Bengawan Solo";"";"2190.18"
"Desember 2020";"Tuban";"WS. Bengawan Solo";"";"1671.11"
"Desember 2020";"Lamongan";"WS. Bengawan Solo";"";"2132.63"
"Desember 2020";"Gresik";"WS. Bengawan Solo";"";"1791.27"
"Desember 2020";"Bangkalan";"WS. Madura Bawean";"";"2027.08"
"Desember 2020";"Sampang";"WS. Madura Bawean";"";"1969.62"
"Desember 2020";"Pamekasan";"WS. Madura Bawean";"";"1995.86"
"Desember 2020";"Sumenep";"WS. Madura Bawean";"";"1882.53"
"Desember 2020";"Kota Kediri";"WS. Brantas";"";"1784"
"Desember 2020";"Kota Blitar";"WS. Brantas";"";"2081.33"
"Desember 2020";"Kota Malang";"WS. Brantas";"";"2581.5"
"Desember 2020";"Kota Probolinggo";"WS. Welang Rejoso";"";"1648.25"
"Desember 2020";"Kota Pasuruan";"WS. Welang Rejoso";"";"2573"
"Desember 2020";"Kota Mojokerto";"WS. Brantas";"";"0"
"Desember 2020";"Kota Madiun";"WS. Bengawan Solo";"";"2448.5"
"Desember 2020";"Kota Surabaya";"WS. Brantas";"";"2448.5"
"Desember 2020";"Kota Batu";"WS. Brantas";"";"1753.42"
"Januari 2021";"Pacitan";"WS. Bengawan Solo";"414.1";"2678.21"
"Januari 2021";"Ponorogo";"WS. Bengawan Solo";"334.35";"2186.61"
"Januari 2021";"Trenggalek";"WS. Brantas";"386.64";"2595.93"
"Januari 2021";"Tulungagung";"WS. Brantas";"307.74";"2083.68"
"Januari 2021";"Blitar";"WS. Brantas";"391.33";"2682.3"
"Januari 2021";"Kediri";"WS. Brantas";"397.25";"2260.33"
"Januari 2021";"Malang";"WS. Brantas";"563.86";"3004.33"
"Januari 2021";"Lumajang";"WS. Bondoyudo Bedadung";"387";"2753.5"
"Januari 2021";"Jember";"WS. Bondoyudo Bedadung";"545.15";"2450.04"
"Januari 2021";"Banyuwangi";"WS. Baru Bajulmati";"333.45";"2672.69"
"Januari 2021";"Bondowoso";"WS. Pekalen Sampean";"267.68";"1960.46"
"Januari 2021";"Situbondo";"WS. Pekalen Sampean";"262.62";"1528.34"
"Januari 2021";"Probolinggo";"WS. Welang Rejoso";"394";"2040"
"Januari 2021";"Pasuruan";"WS. Welang Rejoso";"365.38";"2231.14"
"Januari 2021";"Sidoarjo";"WS. Brantas";"409.23";"2068.75"
"Januari 2021";"Mojokerto";"WS. Brantas";"533.08";"2327.63"
"Januari 2021";"Jombang";"WS. Brantas";"393.35";"1899.88"
"Januari 2021";"Nganjuk";"WS. Brantas";"366.34";"2022.73"
"Januari 2021";"Madiun";"WS. Bengawan Solo";"348.7";"2384.65"
"Januari 2021";"Magetan";"WS. Bengawan Solo";"351.35";"2434.9"
"Januari 2021";"Ngawi";"WS. Bengawan Solo";"347.91";"2263.43"
"Januari 2021";"Bojonegoro";"WS. Bengawan Solo";"387.48";"2262.89"
"Januari 2021";"Tuban";"WS. Bengawan Solo";"451.55";"1899.09"
"Januari 2021";"Lamongan";"WS. Bengawan Solo";"352.29";"2194"
"Januari 2021";"Gresik";"WS. Bengawan Solo";"355";"1902"
"Januari 2021";"Bangkalan";"WS. Madura Bawean";"347.58";"2230.33"
"Januari 2021";"Sampang";"WS. Madura Bawean";"421.16";"2109.31"
"Januari 2021";"Pamekasan";"WS. Madura Bawean";"318.42";"1850.52"
"Januari 2021";"Sumenep";"WS. Madura Bawean";"377.3";"1660.14"
"Januari 2021";"Kota Kediri";"WS. Brantas";"380";"2280"
"Januari 2021";"Kota Blitar";"WS. Brantas";"390.83";"2650.27"
"Januari 2021";"Kota Malang";"WS. Brantas";"613";"3612.5"
"Januari 2021";"Kota Probolinggo";"WS. Welang Rejoso";"371";"1667"
"Januari 2021";"Kota Pasuruan";"WS. Welang Rejoso";"238";"1623"
"Januari 2021";"Kota Mojokerto";"WS. Brantas";"515";"2163"
"Januari 2021";"Kota Madiun";"WS. Bengawan Solo";"209";"1675"
"Januari 2021";"Kota Surabaya";"WS. Brantas";"420";"2065"
"Januari 2021";"Kota Batu";"WS. Brantas";"480";"1994"
"Februari 2021";"Pacitan";"WS. Bengawan Solo";"379.67333333333";"2678.21"
"Februari 2021";"Ponorogo";"WS. Bengawan Solo";"367.89130434783";"2186.61"
"Februari 2021";"Trenggalek";"WS. Brantas";"342.92857142857";"2595.93"
"Februari 2021";"Tulungagung";"WS. Brantas";"303.02631578947";"2083.68"
"Februari 2021";"Blitar";"WS. Brantas";"405.33333333333";"2682.3"
"Februari 2021";"Kediri";"WS. Brantas";"357.46153846154";"2260.33"
"Februari 2021";"Malang";"WS. Brantas";"428.66666666667";"3004.33"
"Februari 2021";"Lumajang";"WS. Bondoyudo Bedadung";"475.49056603774";"2753.5"
"Februari 2021";"Jember";"WS. Bondoyudo Bedadung";"409.22857142857";"2450.04"
"Februari 2021";"Banyuwangi";"WS. Baru Bajulmati";"506.40909090909";"2672.69"
"Februari 2021";"Bondowoso";"WS. Pekalen Sampean";"363.81944444444";"1960.46"
"Februari 2021";"Situbondo";"WS. Pekalen Sampean";"411.25";"1528.34"
"Februari 2021";"Probolinggo";"WS. Welang Rejoso";"486";"2040"
"Februari 2021";"Pasuruan";"WS. Welang Rejoso";"445.08787878788";"2231.14"
"Februari 2021";"Sidoarjo";"WS. Brantas";"345.46666666667";"2068.75"
"Februari 2021";"Mojokerto";"WS. Brantas";"423.504";"2327.63"
"Februari 2021";"Jombang";"WS. Brantas";"307.2";"1899.88"
"Februari 2021";"Nganjuk";"WS. Brantas";"326.22727272727";"2022.73"
"Februari 2021";"Madiun";"WS. Bengawan Solo";"300.71212121212";"2384.65"
"Februari 2021";"Magetan";"WS. Bengawan Solo";"302.4";"2434.9"
"Februari 2021";"Ngawi";"WS. Bengawan Solo";"254.20769230769";"2263.43"
"Februari 2021";"Bojonegoro";"WS. Bengawan Solo";"166.359375";"2262.89"
"Februari 2021";"Tuban";"WS. Bengawan Solo";"168.28378378378";"1899.09"
"Februari 2021";"Lamongan";"WS. Bengawan Solo";"255.64583333333";"2194"
"Februari 2021";"Gresik";"WS. Bengawan Solo";"250";"1902"
"Februari 2021";"Bangkalan";"WS. Madura Bawean";"271.13";"2230.33"
"Februari 2021";"Sampang";"WS. Madura Bawean";"263.65";"2109.31"
"Februari 2021";"Pamekasan";"WS. Madura Bawean";"191.04";"1850.52"
"Februari 2021";"Sumenep";"WS. Madura Bawean";"243.76";"1660.14"
"Februari 2021";"Kota Kediri";"WS. Brantas";"418";"2280"
"Februari 2021";"Kota Blitar";"WS. Brantas";"506.16666666667";"2650.27"
"Februari 2021";"Kota Malang";"WS. Brantas";"425";"3612.5"
"Februari 2021";"Kota Probolinggo";"WS. Welang Rejoso";"350";"1667"
"Februari 2021";"Kota Pasuruan";"WS. Welang Rejoso";"343";"1623"
"Februari 2021";"Kota Mojokerto";"WS. Brantas";"413";"2163"
"Februari 2021";"Kota Madiun";"WS. Bengawan Solo";"284";"1675"
"Februari 2021";"Kota Surabaya";"WS. Brantas";"379";"2065"
"Februari 2021";"Kota Batu";"WS. Brantas";"284";"1994"
"Maret 2021";"Pacitan";"WS. Bengawan Solo";"219.33333333333";"2678.21"
"Maret 2021";"Ponorogo";"WS. Bengawan Solo";"228.97826086957";"2186.61"
"Maret 2021";"Trenggalek";"WS. Brantas";"259.35714285714";"2595.93"
"Maret 2021";"Tulungagung";"WS. Brantas";"280.65789473684";"2083.68"
"Maret 2021";"Blitar";"WS. Brantas";"445.5";"2682.3"
"Maret 2021";"Kediri";"WS. Brantas";"378.88461538462";"2260.33"
"Maret 2021";"Malang";"WS. Brantas";"389.26666666667";"3004.33"
"Maret 2021";"Lumajang";"WS. Bondoyudo Bedadung";"284.88679245283";"2753.5"
"Maret 2021";"Jember";"WS. Bondoyudo Bedadung";"208.25584415584";"2450.04"
"Maret 2021";"Banyuwangi";"WS. Baru Bajulmati";"273.5";"2672.69"
"Maret 2021";"Bondowoso";"WS. Pekalen Sampean";"224.98611111111";"1960.46"
"Maret 2021";"Situbondo";"WS. Pekalen Sampean";"100.27083333333";"1528.34"
"Maret 2021";"Probolinggo";"WS. Welang Rejoso";"244";"2040"
"Maret 2021";"Pasuruan";"WS. Welang Rejoso";"350.32727272727";"2231.14"
"Maret 2021";"Sidoarjo";"WS. Brantas";"277.46666666667";"2068.75"
"Maret 2021";"Mojokerto";"WS. Brantas";"281.36";"2327.63"
"Maret 2021";"Jombang";"WS. Brantas";"293.575";"1899.88"
"Maret 2021";"Nganjuk";"WS. Brantas";"332.59090909091";"2022.73"
"Maret 2021";"Madiun";"WS. Bengawan Solo";"425.18181818182";"2384.65"
"Maret 2021";"Magetan";"WS. Bengawan Solo";"445.9";"2434.9"
"Maret 2021";"Ngawi";"WS. Bengawan Solo";"382.52692307692";"2263.43"
"Maret 2021";"Bojonegoro";"WS. Bengawan Solo";"328.853125";"2262.89"
"Maret 2021";"Tuban";"WS. Bengawan Solo";"212.54324324324";"1899.09"
"Maret 2021";"Lamongan";"WS. Bengawan Solo";"257.77083333333";"2194"
"Maret 2021";"Gresik";"WS. Bengawan Solo";"275";"1902"
"Maret 2021";"Bangkalan";"WS. Madura Bawean";"278.1";"2230.33"
"Maret 2021";"Sampang";"WS. Madura Bawean";"284.59";"2109.31"
"Maret 2021";"Pamekasan";"WS. Madura Bawean";"275.88";"1850.52"
"Maret 2021";"Sumenep";"WS. Madura Bawean";"184.45";"1660.14"
"Maret 2021";"Kota Kediri";"WS. Brantas";"410";"2280"
"Maret 2021";"Kota Blitar";"WS. Brantas";"365.86666666667";"2650.27"
"Maret 2021";"Kota Malang";"WS. Brantas";"651";"3612.5"
"Maret 2021";"Kota Probolinggo";"WS. Welang Rejoso";"155";"1667"
"Maret 2021";"Kota Pasuruan";"WS. Welang Rejoso";"286";"1623"
"Maret 2021";"Kota Mojokerto";"WS. Brantas";"346";"2163"
"Maret 2021";"Kota Madiun";"WS. Bengawan Solo";"280";"1675"
"Maret 2021";"Kota Surabaya";"WS. Brantas";"324";"2065"
"Maret 2021";"Kota Batu";"WS. Brantas";"332";"1994"
"April 2021";"Pacitan";"WS. Bengawan Solo";"231.8";"2678.21"
"April 2021";"Ponorogo";"WS. Bengawan Solo";"222.76086956522";"2186.61"
"April 2021";"Trenggalek";"WS. Brantas";"227.42857142857";"2595.93"
"April 2021";"Tulungagung";"WS. Brantas";"124.28947368421";"2083.68"
"April 2021";"Blitar";"WS. Brantas";"161.5";"2682.3"
"April 2021";"Kediri";"WS. Brantas";"186.13461538462";"2260.33"
"April 2021";"Malang";"WS. Brantas";"148.7";"3004.33"
"April 2021";"Lumajang";"WS. Bondoyudo Bedadung";"152.30188679245";"2753.5"
"April 2021";"Jember";"WS. Bondoyudo Bedadung";"107.27532467532";"2450.04"
"April 2021";"Banyuwangi";"WS. Baru Bajulmati";"126.44318181818";"2672.69"
"April 2021";"Bondowoso";"WS. Pekalen Sampean";"105.72222222222";"1960.46"
"April 2021";"Situbondo";"WS. Pekalen Sampean";"108.375";"1528.34"
"April 2021";"Probolinggo";"WS. Welang Rejoso";"192";"2040"
"April 2021";"Pasuruan";"WS. Welang Rejoso";"197.40606060606";"2231.14"
"April 2021";"Sidoarjo";"WS. Brantas";"152.13333333333";"2068.75"
"April 2021";"Mojokerto";"WS. Brantas";"134.036";"2327.63"
"April 2021";"Jombang";"WS. Brantas";"148.95";"1899.88"
"April 2021";"Nganjuk";"WS. Brantas";"215.81818181818";"2022.73"
"April 2021";"Madiun";"WS. Bengawan Solo";"217.37878787879";"2384.65"
"April 2021";"Magetan";"WS. Bengawan Solo";"272";"2434.9"
"April 2021";"Ngawi";"WS. Bengawan Solo";"141.12692307692";"2263.43"
"April 2021";"Bojonegoro";"WS. Bengawan Solo";"134.090625";"2262.89"
"April 2021";"Tuban";"WS. Bengawan Solo";"136.37837837838";"1899.09"
"April 2021";"Lamongan";"WS. Bengawan Solo";"185.20833333333";"2194"
"April 2021";"Gresik";"WS. Bengawan Solo";"111";"1902"
"April 2021";"Bangkalan";"WS. Madura Bawean";"116.76";"2230.33"
"April 2021";"Sampang";"WS. Madura Bawean";"101.68";"2109.31"
"April 2021";"Pamekasan";"WS. Madura Bawean";"133.69";"1850.52"
"April 2021";"Sumenep";"WS. Madura Bawean";"91.73";"1660.14"
"April 2021";"Kota Kediri";"WS. Brantas";"217";"2280"
"April 2021";"Kota Blitar";"WS. Brantas";"133.9";"2650.27"
"April 2021";"Kota Malang";"WS. Brantas";"218";"3612.5"
"April 2021";"Kota Probolinggo";"WS. Welang Rejoso";"149";"1667"
"April 2021";"Kota Pasuruan";"WS. Welang Rejoso";"98";"1623"
"April 2021";"Kota Mojokerto";"WS. Brantas";"25";"2163"
"April 2021";"Kota Madiun";"WS. Bengawan Solo";"180";"1675"
"April 2021";"Kota Surabaya";"WS. Brantas";"154";"2065"
"April 2021";"Kota Batu";"WS. Brantas";"84";"1994"
"Mei 2021";"Pacitan";"WS. Bengawan Solo";"28.466666666667";"2678.21"
"Mei 2021";"Ponorogo";"WS. Bengawan Solo";"57.695652173913";"2186.61"
"Mei 2021";"Trenggalek";"WS. Brantas";"16.928571428571";"2595.93"
"Mei 2021";"Tulungagung";"WS. Brantas";"20.394736842105";"2083.68"
"Mei 2021";"Blitar";"WS. Brantas";"53.666666666667";"2682.3"
"Mei 2021";"Kediri";"WS. Brantas";"60.25";"2260.33"
"Mei 2021";"Malang";"WS. Brantas";"43.133333333333";"3004.33"
"Mei 2021";"Lumajang";"WS. Bondoyudo Bedadung";"46.849056603774";"2753.5"
"Mei 2021";"Jember";"WS. Bondoyudo Bedadung";"52.092207792208";"2450.04"
"Mei 2021";"Banyuwangi";"WS. Baru Bajulmati";"23.443181818182";"2672.69"
"Mei 2021";"Bondowoso";"WS. Pekalen Sampean";"55.944444444444";"1960.46"
"Mei 2021";"Situbondo";"WS. Pekalen Sampean";"2.375";"1528.34"
"Mei 2021";"Probolinggo";"WS. Welang Rejoso";"39";"2040"
"Mei 2021";"Pasuruan";"WS. Welang Rejoso";"29.848484848485";"2231.14"
"Mei 2021";"Sidoarjo";"WS. Brantas";"17.866666666667";"2068.75"
"Mei 2021";"Mojokerto";"WS. Brantas";"30.084";"2327.63"
"Mei 2021";"Jombang";"WS. Brantas";"28";"1899.88"
"Mei 2021";"Nganjuk";"WS. Brantas";"32.75";"2022.73"
"Mei 2021";"Madiun";"WS. Bengawan Solo";"47.348484848485";"2384.65"
"Mei 2021";"Magetan";"WS. Bengawan Solo";"85.6";"2434.9"
"Mei 2021";"Ngawi";"WS. Bengawan Solo";"82.776923076923";"2263.43"
"Mei 2021";"Bojonegoro";"WS. Bengawan Solo";"48.453125";"2262.89"
"Mei 2021";"Tuban";"WS. Bengawan Solo";"32.635135135135";"1899.09"
"Mei 2021";"Lamongan";"WS. Bengawan Solo";"35.916666666667";"2194"
"Mei 2021";"Gresik";"WS. Bengawan Solo";"54";"1902"
"Mei 2021";"Bangkalan";"WS. Madura Bawean";"106.71";"2230.33"
"Mei 2021";"Sampang";"WS. Madura Bawean";"46.52";"2109.31"
"Mei 2021";"Pamekasan";"WS. Madura Bawean";"40.35";"1850.52"
"Mei 2021";"Sumenep";"WS. Madura Bawean";"34.93";"1660.14"
"Mei 2021";"Kota Kediri";"WS. Brantas";"59";"2280"
"Mei 2021";"Kota Blitar";"WS. Brantas";"45.833333333333";"2650.27"
"Mei 2021";"Kota Malang";"WS. Brantas";"132";"3612.5"
"Mei 2021";"Kota Probolinggo";"WS. Welang Rejoso";"19";"1667"
"Mei 2021";"Kota Pasuruan";"WS. Welang Rejoso";"0";"1623"
"Mei 2021";"Kota Mojokerto";"WS. Brantas";"0";"2163"
"Mei 2021";"Kota Madiun";"WS. Bengawan Solo";"24";"1675"
"Mei 2021";"Kota Surabaya";"WS. Brantas";"45";"2065"
"Mei 2021";"Kota Batu";"WS. Brantas";"20";"1994"
"Juni 2021";"Pacitan";"WS. Bengawan Solo";"168.73333333333";"2678.21"
"Juni 2021";"Ponorogo";"WS. Bengawan Solo";"162.34782608696";"2186.61"
"Juni 2021";"Trenggalek";"WS. Brantas";"275.28571428571";"2595.93"
"Juni 2021";"Tulungagung";"WS. Brantas";"241.34210526316";"2083.68"
"Juni 2021";"Blitar";"WS. Brantas";"142.66666666667";"2682.3"
"Juni 2021";"Kediri";"WS. Brantas";"196.07692307692";"2260.33"
"Juni 2021";"Malang";"WS. Brantas";"170.96666666667";"3004.33"
"Juni 2021";"Lumajang";"WS. Bondoyudo Bedadung";"155.56603773585";"2753.5"
"Juni 2021";"Jember";"WS. Bondoyudo Bedadung";"98.797402597403";"2450.04"
"Juni 2021";"Banyuwangi";"WS. Baru Bajulmati";"224.60227272727";"2672.69"
"Juni 2021";"Bondowoso";"WS. Pekalen Sampean";"101.86111111111";"1960.46"
"Juni 2021";"Situbondo";"WS. Pekalen Sampean";"37";"1528.34"
"Juni 2021";"Probolinggo";"WS. Welang Rejoso";"114";"2040"
"Juni 2021";"Pasuruan";"WS. Welang Rejoso";"96.939393939394";"2231.14"
"Juni 2021";"Sidoarjo";"WS. Brantas";"116.36666666667";"2068.75"
"Juni 2021";"Mojokerto";"WS. Brantas";"148.092";"2327.63"
"Juni 2021";"Jombang";"WS. Brantas";"122.05";"1899.88"
"Juni 2021";"Nganjuk";"WS. Brantas";"81.181818181818";"2022.73"
"Juni 2021";"Madiun";"WS. Bengawan Solo";"162.93939393939";"2384.65"
"Juni 2021";"Magetan";"WS. Bengawan Solo";"171.2";"2434.9"
"Juni 2021";"Ngawi";"WS. Bengawan Solo";"185.69615384615";"2263.43"
"Juni 2021";"Bojonegoro";"WS. Bengawan Solo";"148.0625";"2262.89"
"Juni 2021";"Tuban";"WS. Bengawan Solo";"103.94594594595";"1899.09"
"Juni 2021";"Lamongan";"WS. Bengawan Solo";"94.291666666667";"2194"
"Juni 2021";"Gresik";"WS. Bengawan Solo";"86";"1902"
"Juni 2021";"Bangkalan";"WS. Madura Bawean";"190.12";"2230.33"
"Juni 2021";"Sampang";"WS. Madura Bawean";"156.42";"2109.31"
"Juni 2021";"Pamekasan";"WS. Madura Bawean";"101.94";"1850.52"
"Juni 2021";"Sumenep";"WS. Madura Bawean";"71.48";"1660.14"
"Juni 2021";"Kota Kediri";"WS. Brantas";"174";"2280"
"Juni 2021";"Kota Blitar";"WS. Brantas";"168.16666666667";"2650.27"
"Juni 2021";"Kota Malang";"WS. Brantas";"234";"3612.5"
"Juni 2021";"Kota Probolinggo";"WS. Welang Rejoso";"117";"1667"
"Juni 2021";"Kota Pasuruan";"WS. Welang Rejoso";"49";"1623"
"Juni 2021";"Kota Mojokerto";"WS. Brantas";"133";"2163"
"Juni 2021";"Kota Madiun";"WS. Bengawan Solo";"171";"1675"
"Juni 2021";"Kota Surabaya";"WS. Brantas";"109";"2065"
"Juni 2021";"Kota Batu";"WS. Brantas";"54";"1994"
"Juli 2021";"Pacitan";"WS. Bengawan Solo";"66.4";"2678.21"
"Juli 2021";"Ponorogo";"WS. Bengawan Solo";"14.695652173913";"2186.61"
"Juli 2021";"Trenggalek";"WS. Brantas";"36.285714285714";"2595.93"
"Juli 2021";"Tulungagung";"WS. Brantas";"19";"2083.68"
"Juli 2021";"Blitar";"WS. Brantas";"12.5";"2682.3"
"Juli 2021";"Kediri";"WS. Brantas";"10.846153846154";"2260.33"
"Juli 2021";"Malang";"WS. Brantas";"31.666666666667";"3004.33"
"Juli 2021";"Lumajang";"WS. Bondoyudo Bedadung";"50.849056603774";"2753.5"
"Juli 2021";"Jember";"WS. Bondoyudo Bedadung";"27.345454545455";"2450.04"
"Juli 2021";"Banyuwangi";"WS. Baru Bajulmati";"73.193181818182";"2672.69"
"Juli 2021";"Bondowoso";"WS. Pekalen Sampean";"20.277777777778";"1960.46"
"Juli 2021";"Situbondo";"WS. Pekalen Sampean";"11.229166666667";"1528.34"
"Juli 2021";"Probolinggo";"WS. Welang Rejoso";"22";"2040"
"Juli 2021";"Pasuruan";"WS. Welang Rejoso";"38.151515151515";"2231.14"
"Juli 2021";"Sidoarjo";"WS. Brantas";"34.866666666667";"2068.75"
"Juli 2021";"Mojokerto";"WS. Brantas";"18.648";"2327.63"
"Juli 2021";"Jombang";"WS. Brantas";"4.25";"1899.88"
"Juli 2021";"Nganjuk";"WS. Brantas";"1.4772727272727";"2022.73"
"Juli 2021";"Madiun";"WS. Bengawan Solo";"6";"2384.65"
"Juli 2021";"Magetan";"WS. Bengawan Solo";"16.3";"2434.9"
"Juli 2021";"Ngawi";"WS. Bengawan Solo";"27.346153846154";"2263.43"
"Juli 2021";"Bojonegoro";"WS. Bengawan Solo";"9.765625";"2262.89"
"Juli 2021";"Tuban";"WS. Bengawan Solo";"10.540540540541";"1899.09"
"Juli 2021";"Lamongan";"WS. Bengawan Solo";"23.979166666667";"2194"
"Juli 2021";"Gresik";"WS. Bengawan Solo";"11";"1902"
"Juli 2021";"Bangkalan";"WS. Madura Bawean";"19.68";"2230.33"
"Juli 2021";"Sampang";"WS. Madura Bawean";"26.45";"2109.31"
"Juli 2021";"Pamekasan";"WS. Madura Bawean";"22.84";"1850.52"
"Juli 2021";"Sumenep";"WS. Madura Bawean";"10.07";"1660.14"
"Juli 2021";"Kota Kediri";"WS. Brantas";"7";"2280"
"Juli 2021";"Kota Blitar";"WS. Brantas";"13.166666666667";"2650.27"
"Juli 2021";"Kota Malang";"WS. Brantas";"19.5";"3612.5"
"Juli 2021";"Kota Probolinggo";"WS. Welang Rejoso";"33";"1667"
"Juli 2021";"Kota Pasuruan";"WS. Welang Rejoso";"9";"1623"
"Juli 2021";"Kota Mojokerto";"WS. Brantas";"0";"2163"
"Juli 2021";"Kota Madiun";"WS. Bengawan Solo";"10";"1675"
"Juli 2021";"Kota Surabaya";"WS. Brantas";"1";"2065"
"Juli 2021";"Kota Batu";"WS. Brantas";"4";"1994"
"Agustus 2021";"Pacitan";"WS. Bengawan Solo";"52.133333333333";"2678.21"
"Agustus 2021";"Ponorogo";"WS. Bengawan Solo";"15.95652173913";"2186.61"
"Agustus 2021";"Trenggalek";"WS. Brantas";"105.35714285714";"2595.93"
"Agustus 2021";"Tulungagung";"WS. Brantas";"52.947368421053";"2083.68"
"Agustus 2021";"Blitar";"WS. Brantas";"77.833333333333";"2682.3"
"Agustus 2021";"Kediri";"WS. Brantas";"16.403846153846";"2260.33"
"Agustus 2021";"Malang";"WS. Brantas";"47.4";"3004.33"
"Agustus 2021";"Lumajang";"WS. Bondoyudo Bedadung";"158.05660377358";"2753.5"
"Agustus 2021";"Jember";"WS. Bondoyudo Bedadung";"39.211688311688";"2450.04"
"Agustus 2021";"Banyuwangi";"WS. Baru Bajulmati";"191.90909090909";"2672.69"
"Agustus 2021";"Bondowoso";"WS. Pekalen Sampean";"14.222222222222";"1960.46"
"Agustus 2021";"Situbondo";"WS. Pekalen Sampean";"7.40625";"1528.34"
"Agustus 2021";"Probolinggo";"WS. Welang Rejoso";"25";"2040"
"Agustus 2021";"Pasuruan";"WS. Welang Rejoso";"6.3030303030303";"2231.14"
"Agustus 2021";"Sidoarjo";"WS. Brantas";"2.4333333333333";"2068.75"
"Agustus 2021";"Mojokerto";"WS. Brantas";"12.3";"2327.63"
"Agustus 2021";"Jombang";"WS. Brantas";"15.625";"1899.88"
"Agustus 2021";"Nganjuk";"WS. Brantas";"4.4318181818182";"2022.73"
"Agustus 2021";"Madiun";"WS. Bengawan Solo";"5.3636363636364";"2384.65"
"Agustus 2021";"Magetan";"WS. Bengawan Solo";"23.1";"2434.9"
"Agustus 2021";"Ngawi";"WS. Bengawan Solo";"70.496153846154";"2263.43"
"Agustus 2021";"Bojonegoro";"WS. Bengawan Solo";"44.7375";"2262.89"
"Agustus 2021";"Tuban";"WS. Bengawan Solo";"32.5";"1899.09"
"Agustus 2021";"Lamongan";"WS. Bengawan Solo";"35.8125";"2194"
"Agustus 2021";"Gresik";"WS. Bengawan Solo";"17";"1902"
"Agustus 2021";"Bangkalan";"WS. Madura Bawean";"140.34";"2230.33"
"Agustus 2021";"Sampang";"WS. Madura Bawean";"18.45";"2109.31"
"Agustus 2021";"Pamekasan";"WS. Madura Bawean";"2.78";"1850.52"
"Agustus 2021";"Sumenep";"WS. Madura Bawean";"0.96";"1660.14"
"Agustus 2021";"Kota Kediri";"WS. Brantas";"13";"2280"
"Agustus 2021";"Kota Blitar";"WS. Brantas";"57.333333333333";"2650.27"
"Agustus 2021";"Kota Malang";"WS. Brantas";"27";"3612.5"
"Agustus 2021";"Kota Probolinggo";"WS. Welang Rejoso";"12";"1667"
"Agustus 2021";"Kota Pasuruan";"WS. Welang Rejoso";"0";"1623"
"Agustus 2021";"Kota Mojokerto";"WS. Brantas";"0";"2163"
"Agustus 2021";"Kota Madiun";"WS. Bengawan Solo";"0";"1675"
"Agustus 2021";"Kota Surabaya";"WS. Brantas";"3";"2065"
"Agustus 2021";"Kota Batu";"WS. Brantas";"8";"1994"
"September 2021";"Pacitan";"WS. Bengawan Solo";"77.466666666667";"2678.21"
"September 2021";"Ponorogo";"WS. Bengawan Solo";"56.869565217391";"2186.61"
"September 2021";"Trenggalek";"WS. Brantas";"102.35714285714";"2595.93"
"September 2021";"Tulungagung";"WS. Brantas";"103.28947368421";"2083.68"
"September 2021";"Blitar";"WS. Brantas";"82.566666666667";"2682.3"
"September 2021";"Kediri";"WS. Brantas";"95.480769230769";"2260.33"
"September 2021";"Malang";"WS. Brantas";"103.13333333333";"3004.33"
"September 2021";"Lumajang";"WS. Bondoyudo Bedadung";"94.528301886792";"2753.5"
"September 2021";"Jember";"WS. Bondoyudo Bedadung";"108.26233766234";"2450.04"
"September 2021";"Banyuwangi";"WS. Baru Bajulmati";"182.61363636364";"2672.69"
"September 2021";"Bondowoso";"WS. Pekalen Sampean";"51.833333333333";"1960.46"
"September 2021";"Situbondo";"WS. Pekalen Sampean";"57.208333333333";"1528.34"
"September 2021";"Probolinggo";"WS. Welang Rejoso";"84";"2040"
"September 2021";"Pasuruan";"WS. Welang Rejoso";"40.363636363636";"2231.14"
"September 2021";"Sidoarjo";"WS. Brantas";"93.233333333333";"2068.75"
"September 2021";"Mojokerto";"WS. Brantas";"81.4";"2327.63"
"September 2021";"Jombang";"WS. Brantas";"81.425";"1899.88"
"September 2021";"Nganjuk";"WS. Brantas";"79.045454545455";"2022.73"
"September 2021";"Madiun";"WS. Bengawan Solo";"69.909090909091";"2384.65"
"September 2021";"Magetan";"WS. Bengawan Solo";"53.05";"2434.9"
"September 2021";"Ngawi";"WS. Bengawan Solo";"79.484615384615";"2263.43"
"September 2021";"Bojonegoro";"WS. Bengawan Solo";"95.215625";"2262.89"
"September 2021";"Tuban";"WS. Bengawan Solo";"66.486486486486";"1899.09"
"September 2021";"Lamongan";"WS. Bengawan Solo";"59.5";"2194"
"September 2021";"Gresik";"WS. Bengawan Solo";"24";"1902"
"September 2021";"Bangkalan";"WS. Madura Bawean";"71.37";"2230.33"
"September 2021";"Sampang";"WS. Madura Bawean";"40.24";"2109.31"
"September 2021";"Pamekasan";"WS. Madura Bawean";"71.06";"1850.52"
"September 2021";"Sumenep";"WS. Madura Bawean";"47.48";"1660.14"
"September 2021";"Kota Kediri";"WS. Brantas";"108";"2280"
"September 2021";"Kota Blitar";"WS. Brantas";"122.66666666667";"2650.27"
"September 2021";"Kota Malang";"WS. Brantas";"138";"3612.5"
"September 2021";"Kota Probolinggo";"WS. Welang Rejoso";"20";"1667"
"September 2021";"Kota Pasuruan";"WS. Welang Rejoso";"55";"1623"
"September 2021";"Kota Mojokerto";"WS. Brantas";"97";"2163"
"September 2021";"Kota Madiun";"WS. Bengawan Solo";"29";"1675"
"September 2021";"Kota Surabaya";"WS. Brantas";"52";"2065"
"September 2021";"Kota Batu";"WS. Brantas";"72";"1994"
"Oktober 2021";"Pacitan";"WS. Bengawan Solo";"95.733333333333";"2678.21"
"Oktober 2021";"Ponorogo";"WS. Bengawan Solo";"47.586956521739";"2186.61"
"Oktober 2021";"Trenggalek";"WS. Brantas";"131.5";"2595.93"
"Oktober 2021";"Tulungagung";"WS. Brantas";"90";"2083.68"
"Oktober 2021";"Blitar";"WS. Brantas";"106.66666666667";"2682.3"
"Oktober 2021";"Kediri";"WS. Brantas";"19.596153846154";"2260.33"
"Oktober 2021";"Malang";"WS. Brantas";"72.566666666667";"3004.33"
"Oktober 2021";"Lumajang";"WS. Bondoyudo Bedadung";"131.84905660377";"2753.5"
"Oktober 2021";"Jember";"WS. Bondoyudo Bedadung";"75.358441558442";"2450.04"
"Oktober 2021";"Banyuwangi";"WS. Baru Bajulmati";"63.909090909091";"2672.69"
"Oktober 2021";"Bondowoso";"WS. Pekalen Sampean";"78.5";"1960.46"
"Oktober 2021";"Situbondo";"WS. Pekalen Sampean";"15.208333333333";"1528.34"
"Oktober 2021";"Probolinggo";"WS. Welang Rejoso";"43";"2040"
"Oktober 2021";"Pasuruan";"WS. Welang Rejoso";"33.090909090909";"2231.14"
"Oktober 2021";"Sidoarjo";"WS. Brantas";"13.433333333333";"2068.75"
"Oktober 2021";"Mojokerto";"WS. Brantas";"82.492";"2327.63"
"Oktober 2021";"Jombang";"WS. Brantas";"35.525";"1899.88"
"Oktober 2021";"Nganjuk";"WS. Brantas";"21.090909090909";"2022.73"
"Oktober 2021";"Madiun";"WS. Bengawan Solo";"51.727272727273";"2384.65"
"Oktober 2021";"Magetan";"WS. Bengawan Solo";"52.25";"2434.9"
"Oktober 2021";"Ngawi";"WS. Bengawan Solo";"79.065384615385";"2263.43"
"Oktober 2021";"Bojonegoro";"WS. Bengawan Solo";"110.2575";"2262.89"
"Oktober 2021";"Tuban";"WS. Bengawan Solo";"67.108108108108";"1899.09"
"Oktober 2021";"Lamongan";"WS. Bengawan Solo";"87.729166666667";"2194"
"Oktober 2021";"Gresik";"WS. Bengawan Solo";"45";"1902"
"Oktober 2021";"Bangkalan";"WS. Madura Bawean";"65.84";"2230.33"
"Oktober 2021";"Sampang";"WS. Madura Bawean";"69.22";"2109.31"
"Oktober 2021";"Pamekasan";"WS. Madura Bawean";"64.77";"1850.52"
"Oktober 2021";"Sumenep";"WS. Madura Bawean";"44.11";"1660.14"
"Oktober 2021";"Kota Kediri";"WS. Brantas";"5";"2280"
"Oktober 2021";"Kota Blitar";"WS. Brantas";"92";"2650.27"
"Oktober 2021";"Kota Malang";"WS. Brantas";"263";"3612.5"
"Oktober 2021";"Kota Probolinggo";"WS. Welang Rejoso";"16";"1667"
"Oktober 2021";"Kota Pasuruan";"WS. Welang Rejoso";"17";"1623"
"Oktober 2021";"Kota Mojokerto";"WS. Brantas";"97";"2163"
"Oktober 2021";"Kota Madiun";"WS. Bengawan Solo";"17";"1675"
"Oktober 2021";"Kota Surabaya";"WS. Brantas";"7";"2065"
"Oktober 2021";"Kota Batu";"WS. Brantas";"101";"1994"
"November 2021";"Pacitan";"WS. Bengawan Solo";"610.73333333333";"2678.21"
"November 2021";"Ponorogo";"WS. Bengawan Solo";"431.15391304348";"2186.61"
"November 2021";"Trenggalek";"WS. Brantas";"495.57142857143";"2595.93"
"November 2021";"Tulungagung";"WS. Brantas";"373.94736842105";"2083.68"
"November 2021";"Blitar";"WS. Brantas";"547.4";"2682.3"
"November 2021";"Kediri";"WS. Brantas";"316.26923076923";"2260.33"
"November 2021";"Malang";"WS. Brantas";"604.63333333333";"3004.33"
"November 2021";"Lumajang";"WS. Bondoyudo Bedadung";"505.42452830189";"2753.5"
"November 2021";"Jember";"WS. Bondoyudo Bedadung";"468.98701298701";"2450.04"
"November 2021";"Banyuwangi";"WS. Baru Bajulmati";"415.18181818182";"2672.69"
"November 2021";"Bondowoso";"WS. Pekalen Sampean";"355.05555555556";"1960.46"
"November 2021";"Situbondo";"WS. Pekalen Sampean";"309.27083333333";"1528.34"
"November 2021";"Probolinggo";"WS. Welang Rejoso";"33";"2040"
"November 2021";"Pasuruan";"WS. Welang Rejoso";"329.54545454545";"2231.14"
"November 2021";"Sidoarjo";"WS. Brantas";"305.63333333333";"2068.75"
"November 2021";"Mojokerto";"WS. Brantas";"254.704";"2327.63"
"November 2021";"Jombang";"WS. Brantas";"231.325";"1899.88"
"November 2021";"Nganjuk";"WS. Brantas";"268.06818181818";"2022.73"
"November 2021";"Madiun";"WS. Bengawan Solo";"411.42424242424";"2384.65"
"November 2021";"Magetan";"WS. Bengawan Solo";"375.15";"2434.9"
"November 2021";"Ngawi";"WS. Bengawan Solo";"338.61538461538";"2263.43"
"November 2021";"Bojonegoro";"WS. Bengawan Solo";"406.715625";"2262.89"
"November 2021";"Tuban";"WS. Bengawan Solo";"342.19459459459";"1899.09"
"November 2021";"Lamongan";"WS. Bengawan Solo";"411.5";"2194"
"November 2021";"Gresik";"WS. Bengawan Solo";"331";"1902"
"November 2021";"Bangkalan";"WS. Madura Bawean";"250.11";"2230.33"
"November 2021";"Sampang";"WS. Madura Bawean";"366.15";"2109.31"
"November 2021";"Pamekasan";"WS. Madura Bawean";"337.54";"1850.52"
"November 2021";"Sumenep";"WS. Madura Bawean";"300.2";"1660.14"
"November 2021";"Kota Kediri";"WS. Brantas";"322";"2280"
"November 2021";"Kota Blitar";"WS. Brantas";"547.16666666667";"2650.27"
"November 2021";"Kota Malang";"WS. Brantas";"492.5";"3612.5"
"November 2021";"Kota Probolinggo";"WS. Welang Rejoso";"172";"1667"
"November 2021";"Kota Pasuruan";"WS. Welang Rejoso";"292";"1623"
"November 2021";"Kota Mojokerto";"WS. Brantas";"229";"2163"
"November 2021";"Kota Madiun";"WS. Bengawan Solo";"192";"1675"
"November 2021";"Kota Surabaya";"WS. Brantas";"235";"2065"
"November 2021";"Kota Batu";"WS. Brantas";"358";"1994"
"Desember 2021";"Pacitan";"WS. Bengawan Solo";"333.63333333333";"2678.21"
"Desember 2021";"Ponorogo";"WS. Bengawan Solo";"246.32608695652";"2186.61"
"Desember 2021";"Trenggalek";"WS. Brantas";"216.28571428571";"2595.93"
"Desember 2021";"Tulungagung";"WS. Brantas";"167.05263157895";"2083.68"
"Desember 2021";"Blitar";"WS. Brantas";"255.33333333333";"2682.3"
"Desember 2021";"Kediri";"WS. Brantas";"225.67307692308";"2260.33"
"Desember 2021";"Malang";"WS. Brantas";"400.34";"3004.33"
"Desember 2021";"Lumajang";"WS. Bondoyudo Bedadung";"310.69811320755";"2753.5"
"Desember 2021";"Jember";"WS. Bondoyudo Bedadung";"310.07272727273";"2450.04"
"Desember 2021";"Banyuwangi";"WS. Baru Bajulmati";"258.03409090909";"2672.69"
"Desember 2021";"Bondowoso";"WS. Pekalen Sampean";"320.55555555556";"1960.46"
"Desember 2021";"Situbondo";"WS. Pekalen Sampean";"206.125";"1528.34"
"Desember 2021";"Probolinggo";"WS. Welang Rejoso";"364";"2040"
"Desember 2021";"Pasuruan";"WS. Welang Rejoso";"298.69696969697";"2231.14"
"Desember 2021";"Sidoarjo";"WS. Brantas";"300.61666666667";"2068.75"
"Desember 2021";"Mojokerto";"WS. Brantas";"327.932";"2327.63"
"Desember 2021";"Jombang";"WS. Brantas";"238.6";"1899.88"
"Desember 2021";"Nganjuk";"WS. Brantas";"293.70454545455";"2022.73"
"Desember 2021";"Madiun";"WS. Bengawan Solo";"337.9696969697";"2384.65"
"Desember 2021";"Magetan";"WS. Bengawan Solo";"286.6";"2434.9"
"Desember 2021";"Ngawi";"WS. Bengawan Solo";"274.17692307692";"2263.43"
"Desember 2021";"Bojonegoro";"WS. Bengawan Solo";"382.903125";"2262.89"
"Desember 2021";"Tuban";"WS. Bengawan Solo";"274.91891891892";"1899.09"
"Desember 2021";"Lamongan";"WS. Bengawan Solo";"394.35416666667";"2194"
"Desember 2021";"Gresik";"WS. Bengawan Solo";"344";"1902"
"Desember 2021";"Bangkalan";"WS. Madura Bawean";"372.59";"2230.33"
"Desember 2021";"Sampang";"WS. Madura Bawean";"314.78";"2109.31"
"Desember 2021";"Pamekasan";"WS. Madura Bawean";"290.21";"1850.52"
"Desember 2021";"Sumenep";"WS. Madura Bawean";"253.67";"1660.14"
"Desember 2021";"Kota Kediri";"WS. Brantas";"167";"2280"
"Desember 2021";"Kota Blitar";"WS. Brantas";"207.16666666667";"2650.27"
"Desember 2021";"Kota Malang";"WS. Brantas";"399.5";"3612.5"
"Desember 2021";"Kota Probolinggo";"WS. Welang Rejoso";"253";"1667"
"Desember 2021";"Kota Pasuruan";"WS. Welang Rejoso";"236";"1623"
"Desember 2021";"Kota Mojokerto";"WS. Brantas";"308";"2163"
"Desember 2021";"Kota Madiun";"WS. Bengawan Solo";"279";"1675"
"Desember 2021";"Kota Surabaya";"WS. Brantas";"336";"2065"
"Desember 2021";"Kota Batu";"WS. Brantas";"197";"1994"
"Januari 2022";"Pacitan";"WS. Bengawan Solo";"229.03";"229.03"
"Januari 2022";"Ponorogo";"WS. Bengawan Solo";"289.85";"289.85"
"Januari 2022";"Trenggalek";"WS. Brantas";"268.6";"268.6"
"Januari 2022";"Tulungagung";"WS. Brantas";"265.5";"265.5"
"Januari 2022";"Blitar";"WS. Brantas";"312.5";"312.5"
"Januari 2022";"Kediri";"WS. Brantas";"339.2";"339.2"
"Januari 2022";"Malang";"WS. Brantas";"260.4";"260.4"
"Januari 2022";"Lumajang";"WS. Bondoyudo Bedadung";"394.06";"394.06"
"Januari 2022";"Jember";"WS. Bondoyudo Bedadung";"355.26";"355.26"
"Januari 2022";"Banyuwangi";"WS. Baru Bajulmati";"322.93";"322.93"
"Januari 2022";"Bondowoso";"WS. Pekalen Sampean";"312.54";"312.54"
"Januari 2022";"Situbondo";"WS. Pekalen Sampean";"344.13";"344.13"
"Januari 2022";"Probolinggo";"WS. Welang Rejoso";"485.74";"485.74"
"Januari 2022";"Pasuruan";"WS. Welang Rejoso";"478.67";"478.67"
"Januari 2022";"Sidoarjo";"WS. Brantas";"307.75";"307.75"
"Januari 2022";"Mojokerto";"WS. Brantas";"412.01";"412.01"
"Januari 2022";"Jombang";"WS. Brantas";"398.29";"398.29"
"Januari 2022";"Nganjuk";"WS. Brantas";"329.5";"329.5"
"Januari 2022";"Madiun";"WS. Bengawan Solo";"353.73";"353.73"
"Januari 2022";"Magetan";"WS. Bengawan Solo";"281.75";"281.75"
"Januari 2022";"Ngawi";"WS. Bengawan Solo";"301.71";"301.71"
"Januari 2022";"Bojonegoro";"WS. Bengawan Solo";"268.93";"268.93"
"Januari 2022";"Tuban";"WS. Bengawan Solo";"166.86";"166.86"
"Januari 2022";"Lamongan";"WS. Bengawan Solo";"303.19";"303.19"
"Januari 2022";"Gresik";"WS. Bengawan Solo";"294.31";"294.31"
"Januari 2022";"Bangkalan";"WS. Madura Bawean";"254.53";"254.53"
"Januari 2022";"Sampang";"WS. Madura Bawean";"237.99";"237.99"
"Januari 2022";"Pamekasan";"WS. Madura Bawean";"316.61";"316.61"
"Januari 2022";"Sumenep";"WS. Madura Bawean";"297.6";"297.6"
"Januari 2022";"Kota Kediri";"WS. Brantas";"248";"248"
"Januari 2022";"Kota Blitar";"WS. Brantas";"296.67";"296.67"
"Januari 2022";"Kota Malang";"WS. Brantas";"285.5";"285.5"
"Januari 2022";"Kota Probolinggo";"WS. Welang Rejoso";"355";"355"
"Januari 2022";"Kota Pasuruan";"WS. Welang Rejoso";"306";"306"
"Januari 2022";"Kota Mojokerto";"WS. Brantas";"333";"333"
"Januari 2022";"Kota Madiun";"WS. Bengawan Solo";"235.83";"235.83"
"Januari 2022";"Kota Surabaya";"WS. Brantas";"309.07";"309.07"
"Januari 2022";"Kota Batu";"WS. Brantas";"150.38";"150.38"
"Februari 2022";"Pacitan";"WS. Bengawan Solo";"337.63";"283.33"
"Februari 2022";"Ponorogo";"WS. Bengawan Solo";"277.2";"283.525"
"Februari 2022";"Trenggalek";"WS. Brantas";"314.5";"291.55"
"Februari 2022";"Tulungagung";"WS. Brantas";"355";"310.25"
"Februari 2022";"Blitar";"WS. Brantas";"318.88";"315.69"
"Februari 2022";"Kediri";"WS. Brantas";"305.4";"322.3"
"Februari 2022";"Malang";"WS. Brantas";"257.53";"258.965"
"Februari 2022";"Lumajang";"WS. Bondoyudo Bedadung";"178.78";"286.42"
"Februari 2022";"Jember";"WS. Bondoyudo Bedadung";"184.95";"270.105"
"Februari 2022";"Banyuwangi";"WS. Baru Bajulmati";"233.13";"278.03"
"Februari 2022";"Bondowoso";"WS. Pekalen Sampean";"133";"222.77"
"Februari 2022";"Situbondo";"WS. Pekalen Sampean";"97.79";"220.96"
"Februari 2022";"Probolinggo";"WS. Welang Rejoso";"315.28";"400.51"
"Februari 2022";"Pasuruan";"WS. Welang Rejoso";"456.31";"467.49"
"Februari 2022";"Sidoarjo";"WS. Brantas";"299.75";"303.75"
"Februari 2022";"Mojokerto";"WS. Brantas";"312.56";"362.285"
"Februari 2022";"Jombang";"WS. Brantas";"315.58";"356.935"
"Februari 2022";"Nganjuk";"WS. Brantas";"283.24";"306.37"
"Februari 2022";"Madiun";"WS. Bengawan Solo";"243.73";"298.73"
"Februari 2022";"Magetan";"WS. Bengawan Solo";"200.45";"241.1"
"Februari 2022";"Ngawi";"WS. Bengawan Solo";"174.13";"237.92"
"Februari 2022";"Bojonegoro";"WS. Bengawan Solo";"270.43";"269.68"
"Februari 2022";"Tuban";"WS. Bengawan Solo";"244.82";"205.84"
"Februari 2022";"Lamongan";"WS. Bengawan Solo";"231.42";"267.305"
"Februari 2022";"Gresik";"WS. Bengawan Solo";"181.13";"237.72"
"Februari 2022";"Bangkalan";"WS. Madura Bawean";"212.78";"233.655"
"Februari 2022";"Sampang";"WS. Madura Bawean";"262.38";"250.185"
"Februari 2022";"Pamekasan";"WS. Madura Bawean";"307.78";"312.195"
"Februari 2022";"Sumenep";"WS. Madura Bawean";"290.29";"293.95"
"Februari 2022";"Kota Kediri";"WS. Brantas";"263.33";"255.665"
"Februari 2022";"Kota Blitar";"WS. Brantas";"214.67";"255.67"
"Februari 2022";"Kota Malang";"WS. Brantas";"354.5";"320"
"Februari 2022";"Kota Probolinggo";"WS. Welang Rejoso";"351.75";"353.375"
"Februari 2022";"Kota Pasuruan";"WS. Welang Rejoso";"194";"250"
"Februari 2022";"Kota Mojokerto";"WS. Brantas";"274";"303.5"
"Februari 2022";"Kota Madiun";"WS. Bengawan Solo";"115.67";"175.75"
"Februari 2022";"Kota Surabaya";"WS. Brantas";"271.36";"290.215"
"Februari 2022";"Kota Batu";"WS. Brantas";"234.25";"192.315"
"Maret 2022";"Pacitan";"WS. Bengawan Solo";"303.3";"289.98666666667"
"Maret 2022";"Ponorogo";"WS. Bengawan Solo";"320.8";"295.95"
"Maret 2022";"Trenggalek";"WS. Brantas";"196.4";"259.83333333333"
"Maret 2022";"Tulungagung";"WS. Brantas";"362.5";"327.66666666667"
"Maret 2022";"Blitar";"WS. Brantas";"456.63";"362.67"
"Maret 2022";"Kediri";"WS. Brantas";"333.6";"326.06666666667"
"Maret 2022";"Malang";"WS. Brantas";"330.75";"282.89333333333"
"Maret 2022";"Lumajang";"WS. Bondoyudo Bedadung";"418.81";"330.55"
"Maret 2022";"Jember";"WS. Bondoyudo Bedadung";"443.98";"328.06333333333"
"Maret 2022";"Banyuwangi";"WS. Baru Bajulmati";"381.83";"312.63"
"Maret 2022";"Bondowoso";"WS. Pekalen Sampean";"348.31";"264.61666666667"
"Maret 2022";"Situbondo";"WS. Pekalen Sampean";"310.68";"250.86666666667"
"Maret 2022";"Probolinggo";"WS. Welang Rejoso";"499.89";"433.63666666667"
"Maret 2022";"Pasuruan";"WS. Welang Rejoso";"376.17";"437.05"
"Maret 2022";"Sidoarjo";"WS. Brantas";"313.38";"306.96"
"Maret 2022";"Mojokerto";"WS. Brantas";"357.89";"360.82"
"Maret 2022";"Jombang";"WS. Brantas";"516.17";"410.01333333333"
"Maret 2022";"Nganjuk";"WS. Brantas";"309.56";"307.43333333333"
"Maret 2022";"Madiun";"WS. Bengawan Solo";"427.64";"341.7"
"Maret 2022";"Magetan";"WS. Bengawan Solo";"310.65";"264.28333333333"
"Maret 2022";"Ngawi";"WS. Bengawan Solo";"271.63";"249.15666666667"
"Maret 2022";"Bojonegoro";"WS. Bengawan Solo";"359.59";"299.65"
"Maret 2022";"Tuban";"WS. Bengawan Solo";"268.88";"226.85333333333"
"Maret 2022";"Lamongan";"WS. Bengawan Solo";"287.71";"274.10666666667"
"Maret 2022";"Gresik";"WS. Bengawan Solo";"277.17";"250.87"
"Maret 2022";"Bangkalan";"WS. Madura Bawean";"257.69";"241.66666666667"
"Maret 2022";"Sampang";"WS. Madura Bawean";"301.48";"267.28333333333"
"Maret 2022";"Pamekasan";"WS. Madura Bawean";"317.03";"313.80666666667"
"Maret 2022";"Sumenep";"WS. Madura Bawean";"289.77";"292.55666666667"
"Maret 2022";"Kota Kediri";"WS. Brantas";"249";"253.44333333333"
"Maret 2022";"Kota Blitar";"WS. Brantas";"422";"311.11333333333"
"Maret 2022";"Kota Malang";"WS. Brantas";"424";"354.66666666667"
"Maret 2022";"Kota Probolinggo";"WS. Welang Rejoso";"245";"317.25"
"Maret 2022";"Kota Pasuruan";"WS. Welang Rejoso";"414.5";"304.83333333333"
"Maret 2022";"Kota Mojokerto";"WS. Brantas";"252";"286.33333333333"
"Maret 2022";"Kota Madiun";"WS. Bengawan Solo";"317.5";"223"
"Maret 2022";"Kota Surabaya";"WS. Brantas";"247.79";"276.07333333333"
"Maret 2022";"Kota Batu";"WS. Brantas";"230.75";"205.12666666667"
"April 2022";"Pacitan";"WS. Bengawan Solo";"168.84";"259.7"
"April 2022";"Ponorogo";"WS. Bengawan Solo";"136.41";"256.065"
"April 2022";"Trenggalek";"WS. Brantas";"123.7";"225.8"
"April 2022";"Tulungagung";"WS. Brantas";"226.5";"302.375"
"April 2022";"Blitar";"WS. Brantas";"289.38";"344.3475"
"April 2022";"Kediri";"WS. Brantas";"197.8";"294"
"April 2022";"Malang";"WS. Brantas";"313.33";"290.5025"
"April 2022";"Lumajang";"WS. Bondoyudo Bedadung";"241.82";"308.3675"
"April 2022";"Jember";"WS. Bondoyudo Bedadung";"338.68";"330.7175"
"April 2022";"Banyuwangi";"WS. Baru Bajulmati";"217.44";"288.8325"
"April 2022";"Bondowoso";"WS. Pekalen Sampean";"178.82";"243.1675"
"April 2022";"Situbondo";"WS. Pekalen Sampean";"158.77";"227.8425"
"April 2022";"Probolinggo";"WS. Welang Rejoso";"187.5";"372.1025"
"April 2022";"Pasuruan";"WS. Welang Rejoso";"162.48";"368.4075"
"April 2022";"Sidoarjo";"WS. Brantas";"178.63";"274.8775"
"April 2022";"Mojokerto";"WS. Brantas";"206.67";"322.2825"
"April 2022";"Jombang";"WS. Brantas";"287.92";"379.49"
"April 2022";"Nganjuk";"WS. Brantas";"174.34";"274.16"
"April 2022";"Madiun";"WS. Bengawan Solo";"164.3";"297.35"
"April 2022";"Magetan";"WS. Bengawan Solo";"205.25";"249.525"
"April 2022";"Ngawi";"WS. Bengawan Solo";"233.42";"245.2225"
"April 2022";"Bojonegoro";"WS. Bengawan Solo";"227.46";"281.6025"
"April 2022";"Tuban";"WS. Bengawan Solo";"202.99";"220.8875"
"April 2022";"Lamongan";"WS. Bengawan Solo";"193.75";"254.0175"
"April 2022";"Gresik";"WS. Bengawan Solo";"186.1";"234.6775"
"April 2022";"Bangkalan";"WS. Madura Bawean";"146.3";"217.825"
"April 2022";"Sampang";"WS. Madura Bawean";"178.27";"245.03"
"April 2022";"Pamekasan";"WS. Madura Bawean";"155.47";"274.2225"
"April 2022";"Sumenep";"WS. Madura Bawean";"52.01";"232.42"
"April 2022";"Kota Kediri";"WS. Brantas";"212.33";"243.165"
"April 2022";"Kota Blitar";"WS. Brantas";"185";"279.585"
"April 2022";"Kota Malang";"WS. Brantas";"328";"348"
"April 2022";"Kota Probolinggo";"WS. Welang Rejoso";"66.5";"254.5625"
"April 2022";"Kota Pasuruan";"WS. Welang Rejoso";"99.5";"253.5"
"April 2022";"Kota Mojokerto";"WS. Brantas";"306";"291.25"
"April 2022";"Kota Madiun";"WS. Bengawan Solo";"96.17";"191.2925"
"April 2022";"Kota Surabaya";"WS. Brantas";"129.93";"239.5375"
"April 2022";"Kota Batu";"WS. Brantas";"347.25";"240.6575"
"Mei 2022";"Pacitan";"WS. Bengawan Solo";"209.47";"249.654"
"Mei 2022";"Ponorogo";"WS. Bengawan Solo";"173.85";"239.622"
"Mei 2022";"Trenggalek";"WS. Brantas";"148.1";"210.26"
"Mei 2022";"Tulungagung";"WS. Brantas";"143.5";"270.6"
"Mei 2022";"Blitar";"WS. Brantas";"184.38";"312.354"
"Mei 2022";"Kediri";"WS. Brantas";"227.6";"280.72"
"Mei 2022";"Malang";"WS. Brantas";"168.98";"266.198"
"Mei 2022";"Lumajang";"WS. Bondoyudo Bedadung";"183.62";"283.418"
"Mei 2022";"Jember";"WS. Bondoyudo Bedadung";"248.86";"314.346"
"Mei 2022";"Banyuwangi";"WS. Baru Bajulmati";"113.16";"253.698"
"Mei 2022";"Bondowoso";"WS. Pekalen Sampean";"341.57";"262.848"
"Mei 2022";"Situbondo";"WS. Pekalen Sampean";"116.57";"205.588"
"Mei 2022";"Probolinggo";"WS. Welang Rejoso";"232.67";"344.216"
"Mei 2022";"Pasuruan";"WS. Welang Rejoso";"190.17";"332.76"
"Mei 2022";"Sidoarjo";"WS. Brantas";"164.38";"252.778"
"Mei 2022";"Mojokerto";"WS. Brantas";"131.44";"284.114"
"Mei 2022";"Jombang";"WS. Brantas";"182.92";"340.176"
"Mei 2022";"Nganjuk";"WS. Brantas";"155.46";"250.42"
"Mei 2022";"Madiun";"WS. Bengawan Solo";"132.98";"264.476"
"Mei 2022";"Magetan";"WS. Bengawan Solo";"183.5";"236.32"
"Mei 2022";"Ngawi";"WS. Bengawan Solo";"142.74";"224.726"
"Mei 2022";"Bojonegoro";"WS. Bengawan Solo";"182.85";"261.852"
"Mei 2022";"Tuban";"WS. Bengawan Solo";"178.15";"212.34"
"Mei 2022";"Lamongan";"WS. Bengawan Solo";"175.13";"238.24"
"Mei 2022";"Gresik";"WS. Bengawan Solo";"165.4";"220.822"
"Mei 2022";"Bangkalan";"WS. Madura Bawean";"167";"207.66"
"Mei 2022";"Sampang";"WS. Madura Bawean";"166.86";"229.396"
"Mei 2022";"Pamekasan";"WS. Madura Bawean";"184.06";"256.19"
"Mei 2022";"Sumenep";"WS. Madura Bawean";"239.17";"233.77"
"Mei 2022";"Kota Kediri";"WS. Brantas";"199";"234.332"
"Mei 2022";"Kota Blitar";"WS. Brantas";"184.17";"260.502"
"Mei 2022";"Kota Malang";"WS. Brantas";"116.5";"301.7"
"Mei 2022";"Kota Probolinggo";"WS. Welang Rejoso";"218.25";"247.3"
"Mei 2022";"Kota Pasuruan";"WS. Welang Rejoso";"108";"224.4"
"Mei 2022";"Kota Mojokerto";"WS. Brantas";"112";"255.4"
"Mei 2022";"Kota Madiun";"WS. Bengawan Solo";"80.67";"169.168"
"Mei 2022";"Kota Surabaya";"WS. Brantas";"198.29";"231.288"
"Mei 2022";"Kota Batu";"WS. Brantas";"44.5";"201.426"
"Juni 2022";"Pacitan";"WS. Bengawan Solo";"164";"235.37888888889"
"Juni 2022";"Ponorogo";"WS. Bengawan Solo";"199.8";"232.98550724638"
"Juni 2022";"Trenggalek";"WS. Brantas";"212.5";"210.63333333333"
"Juni 2022";"Tulungagung";"WS. Brantas";"240.5";"265.58333333333"
"Juni 2022";"Blitar";"WS. Brantas";"229.62";"298.5625"
"Juni 2022";"Kediri";"WS. Brantas";"115.7";"253.21666666667"
"Juni 2022";"Malang";"WS. Brantas";"321.32";"275.38611111111"
"Juni 2022";"Lumajang";"WS. Bondoyudo Bedadung";"244.96";"277.00742453834"
"Juni 2022";"Jember";"WS. Bondoyudo Bedadung";"164.63";"289.39367193139"
"Juni 2022";"Banyuwangi";"WS. Baru Bajulmati";"217.44";"247.655"
"Juni 2022";"Bondowoso";"WS. Pekalen Sampean";"34.47";"224.78481481481"
"Juni 2022";"Situbondo";"WS. Pekalen Sampean";"71.55";"183.24822695035"
"Juni 2022";"Probolinggo";"WS. Welang Rejoso";"161.83";"313.81629230308"
"Juni 2022";"Pasuruan";"WS. Welang Rejoso";"79.48";"290.54789272031"
"Juni 2022";"Sidoarjo";"WS. Brantas";"112.12";"229.33333333333"
"Juni 2022";"Mojokerto";"WS. Brantas";"117.22";"256.29814814815"
"Juni 2022";"Jombang";"WS. Brantas";"92.92";"298.96527777778"
"Juni 2022";"Nganjuk";"WS. Brantas";"110.12";"227.03611111111"
"Juni 2022";"Madiun";"WS. Bengawan Solo";"161.15";"247.25505050505"
"Juni 2022";"Magetan";"WS. Bengawan Solo";"120.05";"216.94166666667"
"Juni 2022";"Ngawi";"WS. Bengawan Solo";"164.22";"214.63974358974"
"Juni 2022";"Bojonegoro";"WS. Bengawan Solo";"139.77";"241.50416666667"
"Juni 2022";"Tuban";"WS. Bengawan Solo";"123.14";"197.47297297297"
"Juni 2022";"Lamongan";"WS. Bengawan Solo";"117.77";"218.16166666667"
"Juni 2022";"Gresik";"WS. Bengawan Solo";"85.27";"198.23"
"Juni 2022";"Bangkalan";"WS. Madura Bawean";"196.54";"205.80556917211"
"Juni 2022";"Sampang";"WS. Madura Bawean";"122.61";"211.59816239316"
"Juni 2022";"Pamekasan";"WS. Madura Bawean";"137.5";"236.409375"
"Juni 2022";"Sumenep";"WS. Madura Bawean";"113.14";"213.66458056907"
"Juni 2022";"Kota Kediri";"WS. Brantas";"99.33";"211.83333333333"
"Juni 2022";"Kota Blitar";"WS. Brantas";"151";"242.25"
"Juni 2022";"Kota Malang";"WS. Brantas";"183";"281.91666666667"
"Juni 2022";"Kota Probolinggo";"WS. Welang Rejoso";"118.75";"225.875"
"Juni 2022";"Kota Pasuruan";"WS. Welang Rejoso";"9.5";"188.58333333333"
"Juni 2022";"Kota Mojokerto";"WS. Brantas";"71";"224.66666666667"
"Juni 2022";"Kota Madiun";"WS. Bengawan Solo";"69.43";"152.54444444444"
"Juni 2022";"Kota Surabaya";"WS. Brantas";"124.64";"213.5119047619"
"Juni 2022";"Kota Batu";"WS. Brantas";"145.62";"192.125"
"Juli 2022";"Pacitan";"WS. Bengawan Solo";"456.2";"235.3789"
"Juli 2022";"Ponorogo";"WS. Bengawan Solo";"17.85";"232.9855"
"Juli 2022";"Trenggalek";"WS. Brantas";"327";"210.6333"
"Juli 2022";"Tulungagung";"WS. Brantas";"40";"265.5833"
"Juli 2022";"Blitar";"WS. Brantas";"213";"298.5625"
"Juli 2022";"Kediri";"WS. Brantas";"20.8";"253.2167"
"Juli 2022";"Malang";"WS. Brantas";"85";"275.3861"
"Juli 2022";"Lumajang";"WS. Bondoyudo Bedadung";"38.72";"277.0074"
"Juli 2022";"Jember";"WS. Bondoyudo Bedadung";"26.46";"289.3937"
"Juli 2022";"Banyuwangi";"WS. Baru Bajulmati";"787.05";"247.655"
"Juli 2022";"Bondowoso";"WS. Pekalen Sampean";"31.46";"224.7848"
"Juli 2022";"Situbondo";"WS. Pekalen Sampean";"26.66";"183.2482"
"Juli 2022";"Probolinggo";"WS. Welang Rejoso";"33.59";"313.8163"
"Juli 2022";"Pasuruan";"WS. Welang Rejoso";"33.59";"290.5479"
"Juli 2022";"Sidoarjo";"WS. Brantas";"37.88";"229.3333"
"Juli 2022";"Mojokerto";"WS. Brantas";"29.39";"256.2981"
"Juli 2022";"Jombang";"WS. Brantas";"25.25";"298.9653"
"Juli 2022";"Nganjuk";"WS. Brantas";"9.67";"227.0361"
"Juli 2022";"Madiun";"WS. Bengawan Solo";"10.06";"247.2551"
"Juli 2022";"Magetan";"WS. Bengawan Solo";"46";"216.9417"
"Juli 2022";"Ngawi";"WS. Bengawan Solo";"26.21";"214.6397"
"Juli 2022";"Bojonegoro";"WS. Bengawan Solo";"55.28";"241.5042"
"Juli 2022";"Tuban";"WS. Bengawan Solo";"69.51";"197.473"
"Juli 2022";"Lamongan";"WS. Bengawan Solo";"81.29";"218.1617"
"Juli 2022";"Gresik";"WS. Bengawan Solo";"95.53";"198.23"
"Juli 2022";"Bangkalan";"WS. Madura Bawean";"42.46";"205.8056"
"Juli 2022";"Sampang";"WS. Madura Bawean";"52.67";"211.5982"
"Juli 2022";"Pamekasan";"WS. Madura Bawean";"58.86";"236.4094"
"Juli 2022";"Sumenep";"WS. Madura Bawean";"58.73";"213.6646"
"Juli 2022";"Kota Kediri";"WS. Brantas";"8.67";"211.8333"
"Juli 2022";"Kota Blitar";"WS. Brantas";"3";"208.0714"
"Juli 2022";"Kota Malang";"WS. Brantas";"18";"244.2143"
"Juli 2022";"Kota Probolinggo";"WS. Welang Rejoso";"19";"225.875"
"Juli 2022";"Kota Pasuruan";"WS. Welang Rejoso";"30";"165.9286"
"Juli 2022";"Kota Mojokerto";"WS. Brantas";"0";"192.5714"
"Juli 2022";"Kota Madiun";"WS. Bengawan Solo";"17.83";"152.5444"
"Juli 2022";"Kota Surabaya";"WS. Brantas";"51";"190.2959"
"Juli 2022";"Kota Batu";"WS. Brantas";"16.5";"167.0357"
"Agustus 2022";"Pacitan";"WS. Bengawan Solo";"100.27";"246.09"
"Agustus 2022";"Ponorogo";"WS. Bengawan Solo";"46.8";"182.82"
"Agustus 2022";"Trenggalek";"WS. Brantas";"96.8";"210.95"
"Agustus 2022";"Tulungagung";"WS. Brantas";"40";"209.19"
"Agustus 2022";"Blitar";"WS. Brantas";"94.5";"262.36"
"Agustus 2022";"Kediri";"WS. Brantas";"60.1";"200.02"
"Agustus 2022";"Malang";"WS. Brantas";"130.68";"233.5"
"Agustus 2022";"Lumajang";"WS. Bondoyudo Bedadung";"101.45";"225.28"
"Agustus 2022";"Jember";"WS. Bondoyudo Bedadung";"31.82";"224.33"
"Agustus 2022";"Banyuwangi";"WS. Baru Bajulmati";"82.2";"294.4"
"Agustus 2022";"Bondowoso";"WS. Pekalen Sampean";"21.4";"175.2"
"Agustus 2022";"Situbondo";"WS. Pekalen Sampean";"2.17";"141.04"
"Agustus 2022";"Probolinggo";"WS. Welang Rejoso";"61.2";"247.21"
"Agustus 2022";"Pasuruan";"WS. Welang Rejoso";"68.9";"230.72"
"Agustus 2022";"Sidoarjo";"WS. Brantas";"15.75";"178.7"
"Agustus 2022";"Mojokerto";"WS. Brantas";"22";"198.65"
"Agustus 2022";"Jombang";"WS. Brantas";"32.83";"231.48"
"Agustus 2022";"Nganjuk";"WS. Brantas";"44.67";"177.07"
"Agustus 2022";"Madiun";"WS. Bengawan Solo";"27.61";"190.15"
"Agustus 2022";"Magetan";"WS. Bengawan Solo";"53.9";"175.19"
"Agustus 2022";"Ngawi";"WS. Bengawan Solo";"40.94";"169.37"
"Agustus 2022";"Bojonegoro";"WS. Bengawan Solo";"74.72";"197.38"
"Agustus 2022";"Tuban";"WS. Bengawan Solo";"64.46";"164.85"
"Agustus 2022";"Lamongan";"WS. Bengawan Solo";"65.62";"181.99"
"Agustus 2022";"Gresik";"WS. Bengawan Solo";"26";"163.86"
"Agustus 2022";"Bangkalan";"WS. Madura Bawean";"57.93";"166.9"
"Agustus 2022";"Sampang";"WS. Madura Bawean";"60.69";"172.87"
"Agustus 2022";"Pamekasan";"WS. Madura Bawean";"34.65";"189"
"Agustus 2022";"Sumenep";"WS. Madura Bawean";"46.12";"173.36"
"Agustus 2022";"Kota Kediri";"WS. Brantas";"104";"172.96"
"Agustus 2022";"Kota Blitar";"WS. Brantas";"32.67";"186.15"
"Agustus 2022";"Kota Malang";"WS. Brantas";"93.5";"225.38"
"Agustus 2022";"Kota Probolinggo";"WS. Welang Rejoso";"80";"181.78"
"Agustus 2022";"Kota Pasuruan";"WS. Welang Rejoso";"100";"157.69"
"Agustus 2022";"Kota Mojokerto";"WS. Brantas";"0";"168.5"
"Agustus 2022";"Kota Madiun";"WS. Bengawan Solo";"14.67";"118.47"
"Agustus 2022";"Kota Surabaya";"WS. Brantas";"12.36";"168.05"
"Agustus 2022";"Kota Batu";"WS. Brantas";"19.25";"148.56"
"September 2022";"Pacitan";"WS. Bengawan Solo";"240.67";"246.09"
"September 2022";"Ponorogo";"WS. Bengawan Solo";"46.57";"182.82"
"September 2022";"Trenggalek";"WS. Brantas";"132.8";"210.95"
"September 2022";"Tulungagung";"WS. Brantas";"67";"209.19"
"September 2022";"Blitar";"WS. Brantas";"150.5";"262.36"
"September 2022";"Kediri";"WS. Brantas";"47";"200.02"
"September 2022";"Malang";"WS. Brantas";"227.25";"233.5"
"September 2022";"Lumajang";"WS. Bondoyudo Bedadung";"103.09";"225.28"
"September 2022";"Jember";"WS. Bondoyudo Bedadung";"65.01";"224.33"
"September 2022";"Banyuwangi";"WS. Baru Bajulmati";"108.97";"294.4"
"September 2022";"Bondowoso";"WS. Pekalen Sampean";"57.47";"175.2"
"September 2022";"Situbondo";"WS. Pekalen Sampean";"3.7";"141.04"
"September 2022";"Probolinggo";"WS. Welang Rejoso";"62.22";"247.21"
"September 2022";"Pasuruan";"WS. Welang Rejoso";"280";"230.72"
"September 2022";"Sidoarjo";"WS. Brantas";"14";"178.7"
"September 2022";"Mojokerto";"WS. Brantas";"78";"198.65"
"September 2022";"Jombang";"WS. Brantas";"57.42";"231.48"
"September 2022";"Nganjuk";"WS. Brantas";"17.58";"177.07"
"September 2022";"Madiun";"WS. Bengawan Solo";"59.73";"190.15"
"September 2022";"Magetan";"WS. Bengawan Solo";"56.7";"175.19"
"September 2022";"Ngawi";"WS. Bengawan Solo";"38.55";"169.37"
"September 2022";"Bojonegoro";"WS. Bengawan Solo";"69.27";"197.38"
"September 2022";"Tuban";"WS. Bengawan Solo";"37.72";"164.85"
"September 2022";"Lamongan";"WS. Bengawan Solo";"22.27";"181.99"
"September 2022";"Gresik";"WS. Bengawan Solo";"11.87";"163.86"
"September 2022";"Bangkalan";"WS. Madura Bawean";"62";"166.9"
"September 2022";"Sampang";"WS. Madura Bawean";"62.38";"172.87"
"September 2022";"Pamekasan";"WS. Madura Bawean";"28.92";"189"
"September 2022";"Sumenep";"WS. Madura Bawean";"12.15";"173.36"
"September 2022";"Kota Kediri";"WS. Brantas";"55";"172.96"
"September 2022";"Kota Blitar";"WS. Brantas";"98";"186.15"
"September 2022";"Kota Malang";"WS. Brantas";"102.5";"225.38"
"September 2022";"Kota Probolinggo";"WS. Welang Rejoso";"137";"181.78"
"September 2022";"Kota Pasuruan";"WS. Welang Rejoso";"0";"157.69"
"September 2022";"Kota Mojokerto";"WS. Brantas";"0";"168.5"
"September 2022";"Kota Madiun";"WS. Bengawan Solo";"41";"118.47"
"September 2022";"Kota Surabaya";"WS. Brantas";"2.71";"168.05"
"September 2022";"Kota Batu";"WS. Brantas";"124.38";"148.56"
"Oktober 2022";"Pacitan";"WS. Bengawan Solo";"658.67";"286.81"
"Oktober 2022";"Ponorogo";"WS. Bengawan Solo";"416.02";"192.52"
"Oktober 2022";"Trenggalek";"WS. Brantas";"651.6";"247.2"
"Oktober 2022";"Tulungagung";"WS. Brantas";"657.5";"239.8"
"Oktober 2022";"Blitar";"WS. Brantas";"565.62";"281.5"
"Oktober 2022";"Kediri";"WS. Brantas";"249";"189.62"
"Oktober 2022";"Malang";"WS. Brantas";"653.87";"274.91"
"Oktober 2022";"Lumajang";"WS. Bondoyudo Bedadung";"407.38";"231.27"
"Oktober 2022";"Jember";"WS. Bondoyudo Bedadung";"297.86";"215.75"
"Oktober 2022";"Banyuwangi";"WS. Baru Bajulmati";"399.67";"286.38"
"Oktober 2022";"Bondowoso";"WS. Pekalen Sampean";"235.78";"169.48"
"Oktober 2022";"Situbondo";"WS. Pekalen Sampean";"145.03";"127.71"
"Oktober 2022";"Probolinggo";"WS. Welang Rejoso";"187.24";"222.72"
"Oktober 2022";"Pasuruan";"WS. Welang Rejoso";"151.93";"227.77"
"Oktober 2022";"Sidoarjo";"WS. Brantas";"241.5";"168.51"
"Oktober 2022";"Mojokerto";"WS. Brantas";"191.34";"185.85"
"Oktober 2022";"Jombang";"WS. Brantas";"254.5";"216.38"
"Oktober 2022";"Nganjuk";"WS. Brantas";"238.94";"167.31"
"Oktober 2022";"Madiun";"WS. Bengawan Solo";"231.95";"181.29"
"Oktober 2022";"Magetan";"WS. Bengawan Solo";"163.7";"162.19"
"Oktober 2022";"Ngawi";"WS. Bengawan Solo";"250.04";"164.36"
"Oktober 2022";"Bojonegoro";"WS. Bengawan Solo";"389.16";"203.75"
"Oktober 2022";"Tuban";"WS. Bengawan Solo";"340.76";"169.73"
"Oktober 2022";"Lamongan";"WS. Bengawan Solo";"331.02";"180.92"
"Oktober 2022";"Gresik";"WS. Bengawan Solo";"245.97";"156.87"
"Oktober 2022";"Bangkalan";"WS. Madura Bawean";"233.12";"163.03"
"Oktober 2022";"Sampang";"WS. Madura Bawean";"176.61";"162.2"
"Oktober 2022";"Pamekasan";"WS. Madura Bawean";"207.78";"174.87"
"Oktober 2022";"Sumenep";"WS. Madura Bawean";"227.03";"162.6"
"Oktober 2022";"Kota Kediri";"WS. Brantas";"258.33";"169.7"
"Oktober 2022";"Kota Blitar";"WS. Brantas";"454.17";"204.13"
"Oktober 2022";"Kota Malang";"WS. Brantas";"281.5";"218.7"
"Oktober 2022";"Kota Probolinggo";"WS. Welang Rejoso";"63.25";"165.45"
"Oktober 2022";"Kota Pasuruan";"WS. Welang Rejoso";"101";"136.25"
"Oktober 2022";"Kota Mojokerto";"WS. Brantas";"0";"134.8"
"Oktober 2022";"Kota Madiun";"WS. Bengawan Solo";"85.67";"107.44"
"Oktober 2022";"Kota Surabaya";"WS. Brantas";"210.39";"155.75"
"Oktober 2022";"Kota Batu";"WS. Brantas";"298.12";"161.1"
"November 2022";"Pacitan";"WS. Bengawan Solo";"548.93";"310.64"
"November 2022";"Ponorogo";"WS. Bengawan Solo";"416.02";"212.83"
"November 2022";"Trenggalek";"WS. Brantas";"479.8";"268.35"
"November 2022";"Tulungagung";"WS. Brantas";"392.5";"253.68"
"November 2022";"Blitar";"WS. Brantas";"586.75";"309.25"
"November 2022";"Kediri";"WS. Brantas";"249";"195.02"
"November 2022";"Malang";"WS. Brantas";"601.35";"304.59"
"November 2022";"Lumajang";"WS. Bondoyudo Bedadung";"455.54";"251.66"
"November 2022";"Jember";"WS. Bondoyudo Bedadung";"415.19";"233.88"
"November 2022";"Banyuwangi";"WS. Baru Bajulmati";"413.27";"297.92"
"November 2022";"Bondowoso";"WS. Pekalen Sampean";"204.4";"172.66"
"November 2022";"Situbondo";"WS. Pekalen Sampean";"108.85";"125.99"
"November 2022";"Probolinggo";"WS. Welang Rejoso";"317.76";"231.36"
"November 2022";"Pasuruan";"WS. Welang Rejoso";"238.87";"228.78"
"November 2022";"Sidoarjo";"WS. Brantas";"263.5";"177.15"
"November 2022";"Mojokerto";"WS. Brantas";"300.08";"196.24"
"November 2022";"Jombang";"WS. Brantas";"348.25";"228.37"
"November 2022";"Nganjuk";"WS. Brantas";"440.71";"192.16"
"November 2022";"Madiun";"WS. Bengawan Solo";"478.48";"208.31"
"November 2022";"Magetan";"WS. Bengawan Solo";"367.35";"180.85"
"November 2022";"Ngawi";"WS. Bengawan Solo";"323.64";"178.84"
"November 2022";"Bojonegoro";"WS. Bengawan Solo";"446.63";"225.83"
"November 2022";"Tuban";"WS. Bengawan Solo";"278.73";"179.64"
"November 2022";"Lamongan";"WS. Bengawan Solo";"225.38";"184.96"
"November 2022";"Gresik";"WS. Bengawan Solo";"237.13";"164.17"
"November 2022";"Bangkalan";"WS. Madura Bawean";"271.13";"172.86"
"November 2022";"Sampang";"WS. Madura Bawean";"325.29";"177.02"
"November 2022";"Pamekasan";"WS. Madura Bawean";"328.85";"188.87"
"November 2022";"Sumenep";"WS. Madura Bawean";"257.11";"171.19"
"November 2022";"Kota Kediri";"WS. Brantas";"446";"194.82"
"November 2022";"Kota Blitar";"WS. Brantas";"623.67";"242.27"
"November 2022";"Kota Malang";"WS. Brantas";"541.25";"248.02"
"November 2022";"Kota Probolinggo";"WS. Welang Rejoso";"231";"171.41"
"November 2022";"Kota Pasuruan";"WS. Welang Rejoso";"99";"132.86"
"November 2022";"Kota Mojokerto";"WS. Brantas";"0";"122.55"
"November 2022";"Kota Madiun";"WS. Bengawan Solo";"478.48";"141.17"
"November 2022";"Kota Surabaya";"WS. Brantas";"230.86";"162.58"
"November 2022";"Kota Batu";"WS. Brantas";"370.25";"180.11"
"Desember 2022";"Pacitan";"WS. Bengawan Solo";"393.33";"317.529"
"Desember 2022";"Ponorogo";"WS. Bengawan Solo";"302.07";"220.27"
"Desember 2022";"Trenggalek";"WS. Brantas";"285";"269.733"
"Desember 2022";"Tulungagung";"WS. Brantas";"369";"263.292"
"Desember 2022";"Blitar";"WS. Brantas";"354.75";"313.043"
"Desember 2022";"Kediri";"WS. Brantas";"211.9";"196.425"
"Desember 2022";"Malang";"WS. Brantas";"234.67";"298.76"
"Desember 2022";"Lumajang";"WS. Bondoyudo Bedadung";"242.55";"250.898"
"Desember 2022";"Jember";"WS. Bondoyudo Bedadung";"295.58";"239.024"
"Desember 2022";"Banyuwangi";"WS. Baru Bajulmati";"216.35";"291.12"
"Desember 2022";"Bondowoso";"WS. Pekalen Sampean";"314.88";"184.508"
"Desember 2022";"Situbondo";"WS. Pekalen Sampean";"333.11";"143.251"
"Desember 2022";"Probolinggo";"WS. Welang Rejoso";"279.08";"235.333"
"Desember 2022";"Pasuruan";"WS. Welang Rejoso";"166.27";"223.57"
"Desember 2022";"Sidoarjo";"WS. Brantas";"136.88";"173.793"
"Desember 2022";"Mojokerto";"WS. Brantas";"160.42";"193.252"
"Desember 2022";"Jombang";"WS. Brantas";"222.25";"227.858"
"Desember 2022";"Nganjuk";"WS. Brantas";"214.33";"194.01"
"Desember 2022";"Madiun";"WS. Bengawan Solo";"478.48";"230.821"
"Desember 2022";"Magetan";"WS. Bengawan Solo";"269.55";"188.238"
"Desember 2022";"Ngawi";"WS. Bengawan Solo";"193.75";"180.081"
"Desember 2022";"Bojonegoro";"WS. Bengawan Solo";"212.99";"224.757"
"Desember 2022";"Tuban";"WS. Bengawan Solo";"283.85";"188.322"
"Desember 2022";"Lamongan";"WS. Bengawan Solo";"191.3";"185.487"
"Desember 2022";"Gresik";"WS. Bengawan Solo";"192.2";"166.507"
"Desember 2022";"Bangkalan";"WS. Madura Bawean";"289";"182.54"
"Desember 2022";"Sampang";"WS. Madura Bawean";"280.51";"185.647"
"Desember 2022";"Pamekasan";"WS. Madura Bawean";"246.11";"193.636"
"Desember 2022";"Sumenep";"WS. Madura Bawean";"255.61";"178.229"
"Desember 2022";"Kota Kediri";"WS. Brantas";"264.67";"200.639"
"Desember 2022";"Kota Blitar";"WS. Brantas";"389";"254.501"
"Desember 2022";"Kota Malang";"WS. Brantas";"298";"252.188"
"Desember 2022";"Kota Probolinggo";"WS. Welang Rejoso";"150.5";"169.667"
"Desember 2022";"Kota Pasuruan";"WS. Welang Rejoso";"270.5";"144.333"
"Desember 2022";"Kota Mojokerto";"WS. Brantas";"0";"112.333"
"Desember 2022";"Kota Madiun";"WS. Bengawan Solo";"270";"151.91"
"Desember 2022";"Kota Surabaya";"WS. Brantas";"159.21";"162.301"
"Desember 2022";"Kota Batu";"WS. Brantas";"157.75";"178.25"
"Januari 2023";"Pacitan";"WS. Bengawan Solo";"251.47";"251.47"
"Januari 2023";"Ponorogo";"WS. Bengawan Solo";"209.22";"209.22"
"Januari 2023";"Trenggalek";"WS. Brantas";"185.08";"185.08"
"Januari 2023";"Tulungagung";"WS. Brantas";"196.33";"196.33"
"Januari 2023";"Blitar";"WS. Brantas";"255.33";"255.33"
"Januari 2023";"Kediri";"WS. Brantas";"192.04";"192.04"
"Januari 2023";"Malang";"WS. Brantas";"257.57";"257.57"
"Januari 2023";"Lumajang";"WS. Bondoyudo Bedadung";"230.85";"230.85"
"Januari 2023";"Jember";"WS. Bondoyudo Bedadung";"218.38";"218.38"
"Januari 2023";"Banyuwangi";"WS. Baru Bajulmati";"191.87";"191.87"
"Januari 2023";"Bondowoso";"WS. Pekalen Sampean";"208.89";"208.89"
"Januari 2023";"Situbondo";"WS. Pekalen Sampean";"231.08";"231.08"
"Januari 2023";"Probolinggo";"WS. Welang Rejoso";"234.26";"234.26"
"Januari 2023";"Pasuruan";"WS. Welang Rejoso";"221.42";"221.42"
"Januari 2023";"Sidoarjo";"WS. Brantas";"274";"274"
"Januari 2023";"Mojokerto";"WS. Brantas";"208.12";"208.12"
"Januari 2023";"Jombang";"WS. Brantas";"211.31";"211.31"
"Januari 2023";"Nganjuk";"WS. Brantas";"267.19";"267.19"
"Januari 2023";"Madiun";"WS. Bengawan Solo";"218";"218"
"Januari 2023";"Magetan";"WS. Bengawan Solo";"156.3";"156.3"
"Januari 2023";"Ngawi";"WS. Bengawan Solo";"180.65";"180.65"
"Januari 2023";"Bojonegoro";"WS. Bengawan Solo";"280.71";"280.71"
"Januari 2023";"Tuban";"WS. Bengawan Solo";"262.27";"262.27"
"Januari 2023";"Lamongan";"WS. Bengawan Solo";"291.71";"291.71"
"Januari 2023";"Gresik";"WS. Bengawan Solo";"285.8";"285.8"
"Januari 2023";"Bangkalan";"WS. Madura Bawean";"220.31";"220.31"
"Januari 2023";"Sampang";"WS. Madura Bawean";"227.54";"227.54"
"Januari 2023";"Pamekasan";"WS. Madura Bawean";"190.09";"190.09"
"Januari 2023";"Sumenep";"WS. Madura Bawean";"229.38";"229.38"
"Januari 2023";"Kota Kediri";"WS. Brantas";"123";"123"
"Januari 2023";"Kota Blitar";"WS. Brantas";"156.33";"156.33"
"Januari 2023";"Kota Malang";"WS. Brantas";"187.73";"187.73"
"Januari 2023";"Kota Probolinggo";"WS. Welang Rejoso";"136";"136"
"Januari 2023";"Kota Pasuruan";"WS. Welang Rejoso";"220.5";"220.5"
"Januari 2023";"Kota Mojokerto";"WS. Brantas";"0";"0"
"Januari 2023";"Kota Madiun";"WS. Bengawan Solo";"218";"218"
"Januari 2023";"Kota Surabaya";"WS. Brantas";"255.51";"255.51"
"Januari 2023";"Kota Batu";"WS. Brantas";"184";"184"
"Februari 2023";"Pacitan";"WS. Bengawan Solo";"536.67";"788.13"
"Februari 2023";"Ponorogo";"WS. Bengawan Solo";"401.04";"610.26"
"Februari 2023";"Trenggalek";"WS. Brantas";"381.58";"566.67"
"Februari 2023";"Tulungagung";"WS. Brantas";"312.67";"509"
"Februari 2023";"Blitar";"WS. Brantas";"404.67";"660"
"Februari 2023";"Kediri";"WS. Brantas";"414.38";"606.42"
"Februari 2023";"Malang";"WS. Brantas";"293.89";"551.46"
"Februari 2023";"Lumajang";"WS. Bondoyudo Bedadung";"342.24";"573.09"
"Februari 2023";"Jember";"WS. Bondoyudo Bedadung";"332.96";"551.34"
"Februari 2023";"Banyuwangi";"WS. Baru Bajulmati";"391.65";"583.52"
"Februari 2023";"Bondowoso";"WS. Pekalen Sampean";"381.32";"590.21"
"Februari 2023";"Situbondo";"WS. Pekalen Sampean";"357.49";"588.58"
"Februari 2023";"Probolinggo";"WS. Welang Rejoso";"433.6";"667.85"
"Februari 2023";"Pasuruan";"WS. Welang Rejoso";"446.81";"668.24"
"Februari 2023";"Sidoarjo";"WS. Brantas";"298.38";"572.38"
"Februari 2023";"Mojokerto";"WS. Brantas";"303.8";"511.92"
"Februari 2023";"Jombang";"WS. Brantas";"385.38";"596.69"
"Februari 2023";"Nganjuk";"WS. Brantas";"311.28";"578.47"
"Februari 2023";"Madiun";"WS. Bengawan Solo";"327.91";"545.91"
"Februari 2023";"Magetan";"WS. Bengawan Solo";"277.85";"434.15"
"Februari 2023";"Ngawi";"WS. Bengawan Solo";"248.6";"429.25"
"Februari 2023";"Bojonegoro";"WS. Bengawan Solo";"198.03";"478.74"
"Februari 2023";"Tuban";"WS. Bengawan Solo";"162.64";"424.91"
"Februari 2023";"Lamongan";"WS. Bengawan Solo";"286.73";"578.44"
"Februari 2023";"Gresik";"WS. Bengawan Solo";"297.33";"583.13"
"Februari 2023";"Bangkalan";"WS. Madura Bawean";"236.29";"456.59"
"Februari 2023";"Sampang";"WS. Madura Bawean";"226.16";"453.71"
"Februari 2023";"Pamekasan";"WS. Madura Bawean";"196.39";"386.49"
"Februari 2023";"Sumenep";"WS. Madura Bawean";"232";"461.39"
"Februari 2023";"Kota Kediri";"WS. Brantas";"366.67";"489.67"
"Februari 2023";"Kota Blitar";"WS. Brantas";"403.5";"559.83"
"Februari 2023";"Kota Malang";"WS. Brantas";"371.8";"559.53"
"Februari 2023";"Kota Probolinggo";"WS. Welang Rejoso";"491";"627"
"Februari 2023";"Kota Pasuruan";"WS. Welang Rejoso";"305";"525.5"
"Februari 2023";"Kota Mojokerto";"WS. Brantas";"0";"0"
"Februari 2023";"Kota Madiun";"WS. Bengawan Solo";"342.33";"472.17"
"Februari 2023";"Kota Surabaya";"WS. Brantas";"314.54";"570.05"
"Februari 2023";"Kota Batu";"WS. Brantas";"213";"397"
"Maret 2023";"Pacitan";"WS. Bengawan Solo";"269.2";"1057.33"
"Maret 2023";"Ponorogo";"WS. Bengawan Solo";"279.67";"889.93"
"Maret 2023";"Trenggalek";"WS. Brantas";"235.17";"801.83"
"Maret 2023";"Tulungagung";"WS. Brantas";"300";"809"
"Maret 2023";"Blitar";"WS. Brantas";"342.89";"1002.89"
"Maret 2023";"Kediri";"WS. Brantas";"315.91";"922.33"
"Maret 2023";"Malang";"WS. Brantas";"312.97";"864.43"
"Maret 2023";"Lumajang";"WS. Bondoyudo Bedadung";"209.53";"782.61"
"Maret 2023";"Jember";"WS. Bondoyudo Bedadung";"205.11";"756.45"
"Maret 2023";"Banyuwangi";"WS. Baru Bajulmati";"193.61";"777.13"
"Maret 2023";"Bondowoso";"WS. Pekalen Sampean";"329.86";"920.07"
"Maret 2023";"Situbondo";"WS. Pekalen Sampean";"194.47";"783.04"
"Maret 2023";"Probolinggo";"WS. Welang Rejoso";"329.42";"997.27"
"Maret 2023";"Pasuruan";"WS. Welang Rejoso";"323.48";"991.71"
"Maret 2023";"Sidoarjo";"WS. Brantas";"228.5";"800.88"
"Maret 2023";"Mojokerto";"WS. Brantas";"288.21";"800.13"
"Maret 2023";"Jombang";"WS. Brantas";"388.46";"985.15"
"Maret 2023";"Nganjuk";"WS. Brantas";"357.16";"935.63"
"Maret 2023";"Madiun";"WS. Bengawan Solo";"344.45";"890.36"
"Maret 2023";"Magetan";"WS. Bengawan Solo";"300.8";"734.95"
"Maret 2023";"Ngawi";"WS. Bengawan Solo";"359.05";"788.3"
"Maret 2023";"Bojonegoro";"WS. Bengawan Solo";"231.02";"709.76"
"Maret 2023";"Tuban";"WS. Bengawan Solo";"176.95";"601.85"
"Maret 2023";"Lamongan";"WS. Bengawan Solo";"251.23";"829.67"
"Maret 2023";"Gresik";"WS. Bengawan Solo";"232.8";"815.93"
"Maret 2023";"Bangkalan";"WS. Madura Bawean";"205.79";"662.38"
"Maret 2023";"Sampang";"WS. Madura Bawean";"220.24";"673.94"
"Maret 2023";"Pamekasan";"WS. Madura Bawean";"230.26";"616.74"
"Maret 2023";"Sumenep";"WS. Madura Bawean";"234.72";"696.11"
"Maret 2023";"Kota Kediri";"WS. Brantas";"255";"744.67"
"Maret 2023";"Kota Blitar";"WS. Brantas";"241.33";"801.17"
"Maret 2023";"Kota Malang";"WS. Brantas";"403.7";"963.23"
"Maret 2023";"Kota Probolinggo";"WS. Welang Rejoso";"120.5";"747.5"
"Maret 2023";"Kota Pasuruan";"WS. Welang Rejoso";"170";"695.5"
"Maret 2023";"Kota Mojokerto";"WS. Brantas";"0";"0"
"Maret 2023";"Kota Madiun";"WS. Bengawan Solo";"377.83";"850"
"Maret 2023";"Kota Surabaya";"WS. Brantas";"154.19";"724.24"
"Maret 2023";"Kota Batu";"WS. Brantas";"204.3";"601.3"
"Mei 2023";"Pacitan";"WS. Bengawan Solo";"93.53";"1330.4"
"Mei 2023";"Ponorogo";"WS. Bengawan Solo";"86.52";"1083.13"
"Mei 2023";"Trenggalek";"WS. Brantas";"96";"1062.67"
"Mei 2023";"Tulungagung";"WS. Brantas";"81";"1050.67"
"Mei 2023";"Blitar";"WS. Brantas";"140.11";"1363.33"
"Mei 2023";"Kediri";"WS. Brantas";"56.14";"1162.27"
"Mei 2023";"Malang";"WS. Brantas";"67.71";"1190.71"
"Mei 2023";"Lumajang";"WS. Bondoyudo Bedadung";"75.66";"1019.77"
"Mei 2023";"Jember";"WS. Bondoyudo Bedadung";"65.63";"998.18"
"Mei 2023";"Banyuwangi";"WS. Baru Bajulmati";"110.82";"1129.32"
"Mei 2023";"Bondowoso";"WS. Pekalen Sampean";"43.92";"1142"
"Mei 2023";"Situbondo";"WS. Pekalen Sampean";"20.13";"905.27"
"Mei 2023";"Probolinggo";"WS. Welang Rejoso";"45.56";"1237.11"
"Mei 2023";"Pasuruan";"WS. Welang Rejoso";"27.78";"1237.21"
"Mei 2023";"Sidoarjo";"WS. Brantas";"25.62";"1034.12"
"Mei 2023";"Mojokerto";"WS. Brantas";"30.6";"1026.5"
"Mei 2023";"Jombang";"WS. Brantas";"38.46";"1285.92"
"Mei 2023";"Nganjuk";"WS. Brantas";"129.66";"1249.99"
"Mei 2023";"Madiun";"WS. Bengawan Solo";"64";"1159.3"
"Mei 2023";"Magetan";"WS. Bengawan Solo";"80.5";"986.5"
"Mei 2023";"Ngawi";"WS. Bengawan Solo";"99.25";"1079.42"
"Mei 2023";"Bojonegoro";"WS. Bengawan Solo";"68.38";"1051.76"
"Mei 2023";"Tuban";"WS. Bengawan Solo";"50.05";"878.58"
"Mei 2023";"Lamongan";"WS. Bengawan Solo";"42.52";"1108.15"
"Mei 2023";"Gresik";"WS. Bengawan Solo";"51.93";"1101.8"
"Mei 2023";"Bangkalan";"WS. Madura Bawean";"67.71";"925.43"
"Mei 2023";"Sampang";"WS. Madura Bawean";"114.32";"1000.61"
"Mei 2023";"Pamekasan";"WS. Madura Bawean";"86.08";"869.63"
"Mei 2023";"Sumenep";"WS. Madura Bawean";"123.14";"1034.98"
"Mei 2023";"Kota Kediri";"WS. Brantas";"38.17";"991.5"
"Mei 2023";"Kota Blitar";"WS. Brantas";"169.67";"1084.83"
"Mei 2023";"Kota Malang";"WS. Brantas";"41.4";"1366"
"Mei 2023";"Kota Probolinggo";"WS. Welang Rejoso";"35.75";"869"
"Mei 2023";"Kota Pasuruan";"WS. Welang Rejoso";"36";"822"
"Mei 2023";"Kota Mojokerto";"WS. Brantas";"";"0"
"Mei 2023";"Kota Madiun";"WS. Bengawan Solo";"26.67";"1115.33"
"Mei 2023";"Kota Surabaya";"WS. Brantas";"87.83";"1196.17"
"Mei 2023";"Kota Batu";"WS. Brantas";"26.2";"839.5"
"April 2023";"Pacitan";"WS. Bengawan Solo";"179.53";"1236.87"
"April 2023";"Ponorogo";"WS. Bengawan Solo";"106.67";"996.61"
"April 2023";"Trenggalek";"WS. Brantas";"164.83";"966.67"
"April 2023";"Tulungagung";"WS. Brantas";"160.67";"969.67"
"April 2023";"Blitar";"WS. Brantas";"220.33";"1223.22"
"April 2023";"Kediri";"WS. Brantas";"183.8";"1106.13"
"April 2023";"Malang";"WS. Brantas";"258.57";"1123"
"April 2023";"Lumajang";"WS. Bondoyudo Bedadung";"158.6";"944.11"
"April 2023";"Jember";"WS. Bondoyudo Bedadung";"153.99";"932.55"
"April 2023";"Banyuwangi";"WS. Baru Bajulmati";"241.37";"1018.5"
"April 2023";"Bondowoso";"WS. Pekalen Sampean";"178.01";"1098.08"
"April 2023";"Situbondo";"WS. Pekalen Sampean";"194.47";"783.04"
"April 2023";"Probolinggo";"WS. Welang Rejoso";"186.43";"1191.55"
"April 2023";"Pasuruan";"WS. Welang Rejoso";"225.55";"1209.43"
"April 2023";"Sidoarjo";"WS. Brantas";"207.62";"1008.5"
"April 2023";"Mojokerto";"WS. Brantas";"195.77";"995.9"
"April 2023";"Jombang";"WS. Brantas";"262.31";"1247.46"
"April 2023";"Nganjuk";"WS. Brantas";"184.7";"1120.33"
"April 2023";"Madiun";"WS. Bengawan Solo";"204.94";"1095.3"
"April 2023";"Magetan";"WS. Bengawan Solo";"171.05";"906"
"April 2023";"Ngawi";"WS. Bengawan Solo";"191.87";"980.17"
"April 2023";"Bojonegoro";"WS. Bengawan Solo";"273.62";"983.38"
"April 2023";"Tuban";"WS. Bengawan Solo";"226.68";"828.53"
"April 2023";"Lamongan";"WS. Bengawan Solo";"235.96";"1065.62"
"April 2023";"Gresik";"WS. Bengawan Solo";"233.93";"1049.87"
"April 2023";"Bangkalan";"WS. Madura Bawean";"191.95";"857.72"
"April 2023";"Sampang";"WS. Madura Bawean";"212.34";"886.29"
"April 2023";"Pamekasan";"WS. Madura Bawean";"146.76";"783.55"
"April 2023";"Sumenep";"WS. Madura Bawean";"215.74";"911.85"
"April 2023";"Kota Kediri";"WS. Brantas";"208.67";"953.33"
"April 2023";"Kota Blitar";"WS. Brantas";"114";"915.17"
"April 2023";"Kota Malang";"WS. Brantas";"361.37";"1324.6"
"April 2023";"Kota Probolinggo";"WS. Welang Rejoso";"85.75";"833.25"
"April 2023";"Kota Pasuruan";"WS. Welang Rejoso";"90.5";"786"
"April 2023";"Kota Mojokerto";"WS. Brantas";"0";"0"
"April 2023";"Kota Madiun";"WS. Bengawan Solo";"238.67";"1088.67"
"April 2023";"Kota Surabaya";"WS. Brantas";"384.11";"1108.35"
"April 2023";"Kota Batu";"WS. Brantas";"212";"813.3"
"September 2023";"Pacitan";"Bengawan Solo";"September";"1037.42"
"September 2023";"Ponorogo";"Bengawan Solo";"September";"1044"
"September 2023";"Trenggalek";"Brantas";"September";"1261.02"
"September 2023";"Tulungagung";"Brantas";"September";"1272.24"
"September 2023";"Blitar";"Brantas";"September";"1011.83"
"September 2023";"Kediri";"Brantas";"September";"1171.42"
"September 2023";"Malang";"Brantas";"September";"1255.15"
"September 2023";"Lumajang";"Bondoyudo Bedadung";"September";"1318.65"
"September 2023";"Jember";"Bondoyudo Bedadung";"September";"1135.93"
"September 2023";"Banyuwangi";"Baru Bajulmati";"September";"1089.05"
"September 2023";"Bondowoso";"Pekalen Sampean";"September";"1424.58"
"September 2023";"Situbondo";"Pekalen Sampean";"September";"1534.65"
"September 2023";"Probolinggo";"Welang Rejoso";"September";"1065.15"
"September 2023";"Pasuruan";"Welang Rejoso";"September";"1717.79"
"September 2023";"Sidoarjo";"Brantas";"September";"1504.26"
"September 2023";"Mojokerto";"Brantas";"September";"1178.37"
"September 2023";"Jombang";"Brantas";"September";"873.93"
"September 2023";"Nganjuk";"Brantas";"September";"1107.03"
"September 2023";"Madiun";"Bengawan Solo";"September";"1006.89"
"September 2023";"Magetan";"Bengawan Solo";"September";"1425.89"
"September 2023";"Ngawi";"Bengawan Solo";"September";"906.27"
"September 2023";"Bojonegoro";"Bengawan Solo";"September";"1495.48"
"September 2023";"Tuban";"Bengawan Solo";"September";"1223.03"
"September 2023";"Lamongan";"Bengawan Solo";"September";"1173.81"
"September 2023";"Gresik";"Bengawan Solo";"September";"1158.82"
"September 2023";"Bangkalan";"Madura Bawean";"September";"967.18"
"September 2023";"Sampang";"Madura Bawean";"September";"915.24"
"September 2023";"Pamekasan";"Madura Bawean";"September";"1179.91"
"September 2023";"Sumenep";"Madura Bawean";"September";"1446.25"
"September 2023";"Kota Kediri";"Madura Bawean";"September";"1124.53"
"September 2023";"Kota Blitar";"Madura Bawean";"September";"1198.2"
"September 2023";"Kota Malang";"Madura Bawean";"September";"1439.2"
"September 2023";"Kota Probolinggo";"Welang Rejoso";"September";"889"
"September 2023";"Kota Pasuruan";"Welang Rejoso";"September";"822"
"September 2023";"Kota Mojokerto";"Brantas";"September";"0"
"September 2023";"Kota Madiun";"Bengawan Solo";"September";"1123.5"
"September 2023";"Kota Surabaya";"Brantas";"September";"1206.64"
"September 2023";"Kota Batu";"Brantas";"September";"899.6"
"Oktober 2023";"Pacitan";"Bengawan Solo";"Oktober";"1037.42"
"Oktober 2023";"Ponorogo";"Bengawan Solo";"Oktober";"1044"
"Oktober 2023";"Trenggalek";"Brantas";"Oktober";"1260.31"
"Oktober 2023";"Tulungagung";"Brantas";"Oktober";"1280.35"
"Oktober 2023";"Blitar";"Brantas";"Oktober";"1018.83"
"Oktober 2023";"Kediri";"Brantas";"Oktober";"1173.55"
"Oktober 2023";"Malang";"Brantas";"Oktober";"1255.15"
"Oktober 2023";"Lumajang";"Bondoyudo Bedadung";"Oktober";"1320.5"
"Oktober 2023";"Jember";"Bondoyudo Bedadung";"Oktober";"1145.01"
"Oktober 2023";"Banyuwangi";"Baru Bajulmati";"Oktober";"1107.71"
"Oktober 2023";"Bondowoso";"Pekalen Sampean";"Oktober";"1425.58"
"Oktober 2023";"Situbondo";"Pekalen Sampean";"Oktober";"1538.58"
"Oktober 2023";"Probolinggo";"Welang Rejoso";"Oktober";"1065.15"
"Oktober 2023";"Pasuruan";"Welang Rejoso";"Oktober";"1717.86"
"Oktober 2023";"Sidoarjo";"Brantas";"Oktober";"1515.4"
"Oktober 2023";"Mojokerto";"Brantas";"Oktober";"1181.2"
"Oktober 2023";"Jombang";"Brantas";"Oktober";"873.17"
"Oktober 2023";"Nganjuk";"Brantas";"Oktober";"1146.89"
"Oktober 2023";"Madiun";"Bengawan Solo";"Oktober";"1011.35"
"Oktober 2023";"Magetan";"Bengawan Solo";"Oktober";"1427.89"
"Oktober 2023";"Ngawi";"Bengawan Solo";"Oktober";"907.22"
"Oktober 2023";"Bojonegoro";"Bengawan Solo";"Oktober";"1503.53"
"Oktober 2023";"Tuban";"Bengawan Solo";"Oktober";"1224.2"
"Oktober 2023";"Lamongan";"Bengawan Solo";"Oktober";"1174.01"
"Oktober 2023";"Gresik";"Bengawan Solo";"Oktober";"1159.36"
"Oktober 2023";"Bangkalan";"Madura Bawean";"Oktober";"970.58"
"Oktober 2023";"Sampang";"Madura Bawean";"Oktober";"915.6"
"Oktober 2023";"Pamekasan";"Madura Bawean";"Oktober";"1206.23"
"Oktober 2023";"Sumenep";"Madura Bawean";"Oktober";"1450.67"
"Oktober 2023";"Kota Kediri";"Madura Bawean";"Oktober";"1149.05"
"Oktober 2023";"Kota Blitar";"Madura Bawean";"Oktober";"1198.2"
"Oktober 2023";"Kota Malang";"Madura Bawean";"Oktober";"1483.53"
"Oktober 2023";"Kota Probolinggo";"Welang Rejoso";"Oktober";"889"
"Oktober 2023";"Kota Pasuruan";"Welang Rejoso";"Oktober";"822"
"Oktober 2023";"Kota Mojokerto";"Brantas";"Oktober";"0"
"Oktober 2023";"Kota Madiun";"Bengawan Solo";"Oktober";"1124.5"
"Oktober 2023";"Kota Surabaya";"Brantas";"Oktober";"1209.14"
"Oktober 2023";"Kota Batu";"Brantas";"Oktober";"900.6"
"November 2023";"Pacitan";"Bengawan Solo";"November";"1107.09"
"November 2023";"Ponorogo";"Bengawan Solo";"November";"2190"
"November 2023";"Trenggalek";"Brantas";"November";"1328.33"
"November 2023";"Tulungagung";"Brantas";"November";"1391.42"
"November 2023";"Blitar";"Brantas";"November";"1086.5"
"November 2023";"Kediri";"Brantas";"November";"1300.92"
"November 2023";"Malang";"Brantas";"November";"1310.75"
"November 2023";"Lumajang";"Bondoyudo Bedadung";"November";"1431.41"
"November 2023";"Jember";"Bondoyudo Bedadung";"November";"1240.83"
"November 2023";"Banyuwangi";"Baru Bajulmati";"November";"1257.51"
"November 2023";"Bondowoso";"Pekalen Sampean";"November";"1552.33"
"November 2023";"Situbondo";"Pekalen Sampean";"November";"1616.36"
"November 2023";"Probolinggo";"Welang Rejoso";"November";"1152.62"
"November 2023";"Pasuruan";"Welang Rejoso";"November";"1845.4"
"November 2023";"Sidoarjo";"Brantas";"November";"1685.9"
"November 2023";"Mojokerto";"Brantas";"November";"1288.35"
"November 2023";"Jombang";"Brantas";"November";"940.3"
"November 2023";"Nganjuk";"Brantas";"November";"1291.4"
"November 2023";"Madiun";"Bengawan Solo";"November";"1137.65"
"November 2023";"Magetan";"Bengawan Solo";"November";"1516.21"
"November 2023";"Ngawi";"Bengawan Solo";"November";"996.09"
"November 2023";"Bojonegoro";"Bengawan Solo";"November";"1646.82"
"November 2023";"Tuban";"Bengawan Solo";"November";"1282.5"
"November 2023";"Lamongan";"Bengawan Solo";"November";"1278.05"
"November 2023";"Gresik";"Bengawan Solo";"November";"1297.12"
"November 2023";"Bangkalan";"Madura Bawean";"November";"1092.56"
"November 2023";"Sampang";"Madura Bawean";"November";"935.8"
"November 2023";"Pamekasan";"Madura Bawean";"November";"1381.88"
"November 2023";"Sumenep";"Madura Bawean";"November";"1518.03"
"November 2023";"Kota Kediri";"Madura Bawean";"November";"1246.31"
"November 2023";"Kota Blitar";"Madura Bawean";"November";"1217.7"
"November 2023";"Kota Malang";"Madura Bawean";"November";"1796.33"
"November 2023";"Kota Probolinggo";"Welang Rejoso";"November";"919.25"
"November 2023";"Kota Pasuruan";"Welang Rejoso";"November";"828"
"November 2023";"Kota Mojokerto";"Brantas";"November";"0"
"November 2023";"Kota Madiun";"Bengawan Solo";"November";"1467.33"
"November 2023";"Kota Surabaya";"Brantas";"November";"1274.14"
"November 2023";"Kota Batu";"Brantas";"November";"1088.2"
